Word,Count
і,509
не,502
що,464
в,451
гамлет,403
й,368
на,360
я,345
як,260
а,255
з,243
до,205
він,201
так,174
та,172
король,159
за,159
його,157
гораціо,153
це,151
у,138
ви,132
ти,122
мене,122
чи,116
вам,114
полоній,111
мій,109
ні,105
то,99
вас,96
б,96
принце,94
королева,93
ще,89
мені,88
коли,83
ми,81
про,80
хай,78
лаерт,77
ж,75
розенкранц,73
щоб,72
все,69
офелія,65
вже,64
би,63
нас,63
нам,60
о,59
від,58
тут,58
пане,58
мов,56
їх,55
але,53
хто,50
хоч,50
її,49
той,48
бо,48
гільденстерн,47
виходить,47
де,47
гробокоп,47
для,46
марцелл,45
тобі,44
там,43
по,43
вона,43
ось,41
тепер,41
вони,41
йому,40
без,39
цей,39
те,38
виходять,38
входять,37
нього,35
ним,35
ну,34
час,34
бернардо,33
собі,33
батька,31
тебе,31
короля,30
озрік,30
був,30
чого,30
може,30
привид,29
гамлета,28
наш,28
із,28
всі,28
лиш,28
того,28
входить,27
твій,27
моя,27
навіть,27
буде,27
сам,26
ніж,26
є,25
якщо,25
ваша,25
тільки,23
землі,23
них,23
гамлете,23
чому,22
аж,22
батько,22
життя,22
можна,22
смерть,22
ваш,22
же,22
тим,22
слова,22
сцена,21
розум,21
далі,21
будь,21
їй,21
ніч,20
хіба,20
лише,20
треба,20
лаерте,20
щось,20
серце,20
душі,20
рейнальдо,19
перед,19
їм,19
раз,19
добре,19
слово,19
прощай,19
цього,19
себе,18
знаю,18
таке,18
чим,18
має,18
бути,18
любов,18
свій,18
ця,18
геть,18
син,17
мати,17
всіх,17
над,17
от,17
було,17
нічого,17
кого,17
актори,16
друзі,16
якби,16
справді,16
прошу,16
ці,16
світі,16
ті,16
більше,16
ласка,16
тож,15
такий,15
добрий,15
мої,15
знати,15
тім,15
данії,14
гей,14
тоді,14
світ,14
під,14
свої,14
дух,14
адже,14
цім,14
слід,14
ходім,14
дуже,14
сказати,14
сюди,14
співає,14
фортінбрас,13
який,13
або,13
смерті,13
правда,13
замку,13
ласкавий,13
боже,13
немов,13
нема,13
друже,13
кімната,13
сценою,13
годі,13
гаразд,13
пані,13
полонія,12
добраніч,12
цю,12
йде,12
які,12
тих,12
річ,12
яку,12
усе,12
поки,12
теж,12
проти,12
усі,12
моє,12
честі,12
глузду,12
панове,12
ох,12
свою,12
франціско,11
два,11
скажи,11
наче,11
була,11
знов,11
кажи,11
така,11
мав,11
ба,11
гляньте,11
душа,11
серця,11
хочеш,11
волі,11
убік,11
вашій,11
крім,11
при,11
королю,11
якого,11
зараз,11
неї,11
актор,11
вчинок,11
милість,11
принц,10
нехай,10
образ,10
тобою,10
бачив,10
авжеж,10
слів,10
цій,10
день,10
кажуть,10
руки,10
клянусь,10
скажу,10
горе,10
гріх,10
мою,10
очі,10
любий,10
вельми,10
невже,10
моєї,10
людина,10
стане,10
краще,10
мого,10
міг,10
ніби,10
добродію,10
гертрудо,10
отже,10
ой,10
надто,10
дива,9
діло,9
чім,9
воно,9
доля,9
землю,9
жаль,9
цим,9
вашу,9
думки,9
сину,9
через,9
люба,9
самого,9
вашого,9
бачу,9
ту,9
тому,9
голову,9
лице,9
вами,9
крові,9
більш,9
офеліє,9
часом,9
мушу,9
безум,9
доки,9
один,9
меч,9
знаєте,9
двері,9
двох,9
були,9
чоловік,9
сльози,9
гільдєнстерн,9
капітан,8
іди,8
інші,8
ночі,8
колись,8
моїх,8
чом,8
такі,8
неба,8
самі,8
нині,8
міру,8
інше,8
свого,8
матір,8
ній,8
яких,8
мойого,8
язик,8
такого,8
став,8
прийде,8
самому,8
кохання,8
страх,8
слухай,8
правду,8
кров,8
твої,8
дай,8
йдіть,8
отак,8
бог,8
нею,8
значить,8
маю,8
могилу,8
зі,8
череп,8
англію,8
аби,8
тіло,8
англії,8
заклад,8
також,7
вітаю,7
бачили,7
знову,7
імя,7
очей,7
саме,7
край,7
суд,7
трохи,7
приязнь,7
одначе,7
лиха,7
відомо,7
кінець,7
бажання,7
вашої,7
речі,7
однак,7
вельможа,7
твоя,7
нім,7
справжній,7
місяць,7
сказав,7
сама,7
просто,7
моїй,7
одну,7
своїм,7
сурми,7
чесноти,7
куди,7
душу,7
вуха,7
голос,7
знаєш,7
гільденстерне,7
будьте,7
одне,7
три,7
дарма,7
потім,7
між,7
стиха,7
серед,7
впаде,7
небо,7
пекло,7
лихо,7
вольтіманд,6
корнелій,6
почет,6
стій,6
здається,6
яким,6
небес,6
пішов,6
фортінбраса,6
причина,6
гадаю,6
нашу,6
дорогу,6
спасіння,6
краю,6
наші,6
смуток,6
ваші,6
брат,6
чув,6
голова,6
ваше,6
скаже,6
дав,6
дозвольте,6
сонце,6
батьків,6
сина,6
відповідь,6
сором,6
умер,6
рад,6
зір,6
радий,6
матері,6
мало,6
сю,6
зброї,6
тінь,6
краси,6
сили,6
сила,6
вір,6
шлях,6
он,6
кладе,6
принца,6
ходи,6
скоро,6
фортуни,6
бажає,6
дещо,6
любив,6
всім,6
кляніться,6
ніхто,6
цьому,6
листи,6
людей,6
почути,6
вік,6
яка,6
офелії,6
сон,6
маєте,6
ньому,6
пірр,6
руці,6
меча,6
горем,6
часу,6
легше,6
сказали,6
кінця,6
дати,6
сталось,6
чий,6
придворний,6
лаерта,6
почнім,6
придворні,5
слуга,5
дія,5
варті,5
перше,5
дяка,5
чути,5
слуги,5
нізащо,5
разом,5
туди,5
щойно,5
навіщо,5
вбив,5
життям,5
рукою,5
помоєму,5
либонь,5
чував,5
бога,5
чоло,5
глузд,5
доти,5
королеву,5
брата,5
прийшов,5
рука,5
обовязок,5
повік,5
глянь,5
прах,5
ані,5
легко,5
нашого,5
менше,5
твоїх,5
вся,5
честь,5
келих,5
кохав,5
уже,5
довше,5
добра,5
гадаєте,5
оце,5
справи,5
зиск,5
дня,5
дві,5
ними,5
признання,5
атож,5
виду,5
можливо,5
цить,5
зпід,5
воля,5
тіла,5
якому,5
ділом,5
руку,5
друзів,5
нікому,5
чуття,5
собою,5
прощайте,5
пак,5
словами,5
наше,5
звичка,5
добрі,5
манить,5
безумство,5
інша,5
усіх,5
силу,5
швидше,5
справу,5
груди,5
жінка,5
мечі,5
сцени,5
старий,5
згодом,5
живуть,5
вітер,5
хотів,5
їйбогу,5
сніг,5
казав,5
знайти,5
розенкранце,5
ласкаві,5
ніг,5
господи,5
величність,5
військо,5
збожеволів,5
своїй,5
читає,5
пан,5
дочку,5
багато,5
бракує,5
негоже,5
ото,5
стільки,5
мною,5
ближче,5
діла,5
грати,5
акторів,5
відколи,5
монолог,5
таку,5
давно,5
таки,5
сумління,5
виставу,5
суду,5
хоча,5
бачить,5
акторкоролева,5
зрада,5
господь,5
світла,5
ніщо,5
жде,5
скажіть,5
досить,5
леле,5
чеснот,5
мали,5
твого,5
вмер,5
священик,4
норвезький,4
живе,4
дванадцять,4
держави,4
чесний,4
вважає,4
нами,4
мовив,4
бачите,4
покійний,4
принаймні,4
чия,4
ввесь,4
видно,4
намір,4
втратив,4
зорі,4
страшний,4
всього,4
маєш,4
дар,4
озвись,4
скарб,4
півень,4
говори,4
повітря,4
мовби,4
зла,4
згодні,4
повинність,4
велить,4
фанфари,4
гамлетову,4
годиться,4
отож,4
взяли,4
щастя,4
наша,4
силі,4
щодо,4
дядька,4
навряд,4
наміри,4
завжди,4
датський,4
звідкіль,4
дозволу,4
згоден,4
досі,4
долі,4
зітхання,4
природи,4
удар,4
ходімо,4
небу,4
втіхи,4
місяці,4
мужа,4
бере,4
привіт,4
бачити,4
вечір,4
ворог,4
очима,4
мить,4
ради,4
голови,4
ступив,4
дивно,4
кажете,4
повній,4
блідий,4
шляхетний,4
звичайно,4
тішить,4
службу,4
коханні,4
красу,4
знай,4
ким,4
часто,4
путь,4
уклінно,4
казати,4
ет,4
аніж,4
наказ,4
звичай,4
своєї,4
кості,4
закону,4
піти,4
причини,4
привида,4
небеса,4
гріхи,4
вбивство,4
хист,4
ніколи,4
живого,4
весь,4
памятай,4
небесне,4
память,4
всю,4
гад,4
варт,4
злочин,4
дізнатись,4
можете,4
чуєте,4
мечем,4
ідіть,4
думку,4
любовю,4
перш,4
задум,4
знав,4
волю,4
сподіваюсь,4
вслід,4
пана,4
люди,4
пильнуй,4
музики,4
коліна,4
боюсь,4
божевілля,4
гірше,4
могло,4
вашим,4
негайно,4
цих,4
належить,4
дійшов,4
врешті,4
вертається,4
любі,4
чин,4
вислів,4
дочка,4
хотілось,4
стіл,4
пальці,4
показуючи,4
килим,4
буду,4
плід,4
само,4
голові,4
проте,4
могли,4
живете,4
тюрма,4
королі,4
послуг,4
дякую,4
стати,4
чимало,4
якийсь,4
біс,4
після,4
цілий,4
враз,4
вистава,4
пєса,4
думка,4
пріама,4
вічний,4
кривавий,4
завтра,4
ясний,4
вчинив,4
словом,4
терпіти,4
увазі,4
черниці,4
можу,4
землею,4
дам,4
чули,4
серці,4
вину,4
марш,4
отруту,4
акторкороль,4
тридцять,4
круг,4
величності,4
говорити,4
вина,4
своє,4
килимом,4
прокляття,4
заради,4
рятуйте,4
увесь,4
замір,4
лоб,4
галас,4
датського,4
миру,4
щиро,4
квіти,4
іде,4
датчани,4
сестра,4
гонець,4
понеже,4
гармат,4
умирає,4
королівський,3
посли,3
місце,3
ельсінор,3
сьогодні,3
спати,3
вільям,3
шекспір,3
різні,3
и,3
страшне,3
двічі,3
пусте,3
слух,3
дійшла,3
годину,3
відходить,3
певне,3
такому,3
норвежця,3
лід,3
далебі,3
всій,3
напасті,3
знає,3
нащо,3
варта,3
гармати,3
важкий,3
зна,3
таким,3
джерело,3
державі,3
якраз,3
дні,3
могутній,3
плями,3
добру,3
зробити,3
відома,3
іще,3
почувши,3
огні,3
вірю,3
молодого,3
самих,3
радість,3
журбою,3
оці,3
межі,3
лишень,3
послуги,3
володарю,3
франції,3
назад,3
згоду,3
навпаки,3
доволі,3
обернувся,3
звичайна,3
кожне,3
глибше,3
певний,3
небом,3
розуму,3
об,3
перший,3
просить,3
данія,3
ласкава,3
недоладні,3
пусті,3
лиця,3
минув,3
твоє,3
звір,3
шлюб,3
ельсінорі,3
одно,3
радше,3
пригадую,3
двоє,3
північ,3
хтось,3
кроком,3
достоту,3
води,3
втім,3
живий,3
озброєний,3
аякже,3
гнів,3
довго,3
борода,3
мовчати,3
сталося,3
душе,3
цілком,3
шмат,3
годен,3
словам,3
розпусті,3
вдруге,3
ждуть,3
корабель,3
стривай,3
прийми,3
благословення,3
затям,3
язика,3
людину,3
борг,3
друга,3
душею,3
дочко,3
казали,3
бува,3
тату,3
клятви,3
полумя,3
молодий,3
холодно,3
мабуть,3
постріли,3
пє,3
єство,3
людям,3
блаженний,3
пекла,3
батьку,3
згинув,3
труп,3
піду,3
боятись,3
мислі,3
море,3
кличе,3
кажу,3
уява,3
хутчій,3
убивство,3
саду,3
урвав,3
вінець,3
дядько,3
віє,3
вмить,3
чорний,3
чистий,3
гріха,3
тягар,3
постелі,3
лиши,3
памяті,3
мудрість,3
молодості,3
важить,3
духу,3
пробачте,3
чину,3
сказать,3
прохання,3
моїм,3
дехто,3
наздогад,3
дружбу,3
уст,3
зрозумів,3
жарти,3
вино,3
повії,3
інакше,3
клопіт,3
крий,3
покої,3
ногах,3
страшні,3
стояв,3
наосліп,3
веліли,3
зїхав,3
вважати,3
побачити,3
водночас,3
потребу,3
обох,3
поруч,3
ласку,3
назустріч,3
королівську,3
готові,3
наказу,3
вдячні,3
змінився,3
державцю,3
батькова,3
ледве,3
польщі,3
тисячі,3
польщу,3
лист,3
вельможний,3
божій,3
тобто,3
причину,3
слухайте,3
відверто,3
панно,3
впав,3
вийшло,3
чотири,3
ходить,3
благаю,3
звідси,3
чесним,3
тисяч,3
чиста,3
божий,3
віку,3
щастить,3
спасибі,3
місці,3
велика,3
доброго,3
честолюбність,3
сни,3
тіні,3
решти,3
нубо,3
ваших,3
еге,3
земля,3
оцей,3
данину,3
такій,3
гору,3
вигляд,3
побачите,3
трьох,3
легкий,3
славу,3
таких,3
твоєї,3
полонить,3
грім,3
замість,3
решту,3
гонзаго,3
удома,3
уяві,3
лицем,3
вигадки,3
глядачів,3
жах,3
владу,3
злий,3
спокій,3
готовий,3
серцем,3
біль,3
робить,3
молитві,3
візьміть,3
вашою,3
здійснити,3
пощо,3
робите,3
одного,3
надія,3
попросить,3
здоровий,3
власне,3
стану,3
їхню,3
видовище,3
удари,3
згоді,3
одна,3
неначе,3
робити,3
забули,3
плач,3
стає,3
незабаром,3
отруйник,3
корону,3
розпач,3
зміст,3
пролог,3
берегти,3
здоровя,3
великий,3
готова,3
другий,3
муж,3
зле,3
веде,3
надію,3
мила,3
луціан,3
вістря,3
помсти,3
трон,3
надзвичайно,3
відповім,3
зможу,3
назирці,3
любові,3
вмію,3
прийду,3
лишіть,3
ранить,3
небезпечно,3
безуму,3
державця,3
гори,3
оповім,3
помщусь,3
королеви,3
скривдив,3
сядьте,3
дзеркалі,3
ґвалт,3
лихий,3
рук,3
страшного,3
печать,3
дотик,3
королеві,3
ховати,3
матінко,3
трупом,3
ліки,3
жадає,3
манери,3
безглузді,3
всьому,3
жінку,3
біда,3
повернувся,3
ану,3
винен,3
глибокий,3
труну,3
вернеться,3
бій,3
пригоді,3
обставини,3
нормандець,3
мечів,3
пити,3
утопилась,3
втопилась,3
вінки,3
похристиянськи,3
вода,3
шибениця,3
хата,3
щелепа,3
анітрохи,3
александр,3
обряд,3
послання,3
лаертом,3
зброю,3
бються,3
вмираю,3
трупи,3
особи,2
племінник,2
друг,2
дворянин,2
офіцери,2
гробокопи,2
англійські,2
донька,2
вельможі,2
солдати,2
матроси,2
гінці,2
дії,2
майданчик,2
замком,2
прийшли,2
бє,2
зміну,2
генріх,2
моторошно,2
якось,2
варту,2
марцелле,2
химера,2
мовляв,2
тимто,2
вночі,2
сядь,2
наших,2
диво,2
бачене,2
сядьмо,2
сяє,2
поставою,2
схожий,2
чекає,2
пріч,2
відповість,2
зблід,2
потвоєму,2
богом,2
гніві,2
втретє,2
мертвих,2
воїна,2
проходить,2
знамення,2
розкаже,2
підданців,2
знаряддя,2
труд,2
хоробрий,2
вважав,2
знаний,2
герці,2
супроти,2
належним,2
пристали,2
разі,2
запальний,2
всяке,2
вернути,2
метушні,2
мара,2
щасливі,2
риму,2
могили,2
мерці,2
ходили,2
вулиць,2
криваві,2
сонці,2
тяжких,2
лихим,2
народу,2
зявляється,2
згубить,2
мови,2
піє,2
озвався,2
здригнувся,2
співом,2
сонця,2
ледь,2
повітрі,2
морі,2
завсіди,2
спішить,2
допіру,2
запіяв,2
тими,2
днями,2
блукати,2
ранок,2
ступає,2
росі,2
німий,2
розказати,2
вранці,2
зала,2
плекати,2
повити,2
натуру,2
сестру,2
сльоза,2
зваживши,2
поради,2
інших,2
справ,2
сподіваючись,2
повернути,2
вітця,2
листом,2
просимо,2
старого,2
небожа,2
усім,2
покласти,2
вербунок,2
вольтіманде,2
шлемо,2
ревність,2
певні,2
володар,2
батькові,2
твойому,2
вернутись,2
прибув,2
радо,2
виконав,2
згоди,2
нарешті,2
щасти,2
небоже,2
родич,2
рідний,2
хмари,2
барви,2
оком,2
створіння,2
здалось,2
горя,2
правди,2
одіння,2
утратив,2
строк,2
відоме,2
найпершого,2
мерця,2
вмерлого,2
віттенберга,2
нашому,2
лишитись,2
марно,2
усьому,2
гамлетова,2
кожний,2
плоть,2
гидкі,2
торкнутися,2
жага,2
черевиків,2
йшла,2
вийшла,2
геркулеса,2
сліз,2
віттенберзі,2
страви,2
пішли,2
запеклим,2
приходив,2
вгамуйте,2
вважайте,2
кажіть,2
чесні,2
чатах,2
риштунку,2
повнім,2
ходою,2
владаря,2
повз,2
тричі,2
таємно,2
саму,2
пізнав,2
говорив,2
мовчав,2
крок,2
отот,2
зник,2
гм,2
вважали,2
скоріше,2
страшенно,2
жаху,2
ста,2
ховали,2
цієї,2
прощавайте,2
вдячний,2
домі,2
забувай,2
вітром,2
нагода,2
брате,2
вважай,2
буяння,2
нюх,2
додає,2
храм,2
любить,2
цноти,2
високім,2
смертний,2
виборі,2
йти,2
ховайся,2
поодаль,2
стріл,2
жаги,2
гляне,2
чистоті,2
найбільше,2
напасть,2
урок,2
сторожі,2
власних,2
біді,2
долоні,2
багатий,2
одяг,2
химер,2
рясно,2
носить,2
вбрання,2
гроші,2
помалу,2
покривиш,2
чолом,2
пора,2
наодинці,2
приймаєш,2
охоче,2
гоже,2
твоїм,2
чеснотам,2
межи,2
чисту,2
давав,2
заруку,2
знак,2
щире,2
бодай,2
дечим,2
шляхетними,2
отожбо,2
грає,2
світять,2
обіцянка,2
вартість,2
вищу,2
вільний,2
масть,2
божі,2
певніше,2
віднині,2
здорова,2
година,2
близько,2
гарматні,2
спить,2
навісний,2
рейнського,2
литаври,2
вдачі,2
тавро,2
вади,2
єства,2
святиню,2
судом,2
загалу,2
добрим,2
проклятий,2
заміри,2
мовити,2
місяця,2
простим,2
думками,2
діять,2
слідом,2
відси,2
звабить,2
воду,2
верхівям,2
понад,2
подобу,2
позбавить,2
влади,2
відчайдушні,2
тілі,2
спинить,2
слідком,2
лишити,2
датській,2
йду,2
сердешний,2
пильним,2
твойого,2
вогнем,2
люті,2
живих,2
належать,2
мерщій,2
крилах,2
любовна,2
мрія,2
берег,2
казано,2
датчан,2
славний,2
згинь,2
мерзенний,2
втіх,2
o,2
падіння,2
дарів,2
чистоту,2
хіть,2
ложі,2
сік,2
обидва,2
кровю,2
мчить,2
краплина,2
молоко,2
страшною,2
стан,2
украдено,2
цвіту,2
причастя,2
покаяння,2
страшно,2
королів,2
буть,2
розпусти,2
гидь,2
воїнство,2
памятать,2
мозку,2
згубна,2
всміхатись,2
клянуся,2
огогого,2
пташата,2
нового,2
тайну,2
знать,2
злочинця,2
своїх,2
кожного,2
образив,2
злого,2
тяжкий,2
віру,2
бою,2
зробимо,2
клятву,2
ніс,2
довіку,2
чудовий,2
відійдімо,2
прикинутися,2
побачивши,2
якот,2
поіншому,2
покляніться,2
бідак,2
зможе,2
пари,2
відвідати,2
спершу,2
молодість,2
згадати,2
наприклад,2
карти,2
двобої,2
е,2
поговору,2
міри,2
думці,2
ненароком,2
хтів,2
спіткав,2
грав,2
веселий,2
дім,2
слідкуй,2
ясно,2
страшна,2
вирвавсь,2
страхіття,2
стратив,2
міцно,2
головою,2
плече,2
вийшов,2
вчинки,2
пристрасті,2
смертних,2
цими,2
згубу,2
клену,2
переступати,2
поготів,2
нагадує,2
збагну,2
дворі,2
випаде,2
зможемо,2
всякчас,2
прав,2
високу,2
веління,2
проведіть,2
товариство,2
поможе,2
повернулись,2
батьком,2
вістей,2
богу,2
мозок,2
звели,2
ввійти,2
знайшов,2
коріння,2
сином,2
побачимо,2
звелів,2
недуга,2
шори,2
дядьком,2
безпеки,2
зустрічі,2
справі,2
слава,2
змісту,2
менш,2
чином,2
дала,2
пречудовній,2
недоладний,2
зійде,2
вірші,2
кохаю,2
прекрасна,2
оця,2
шановна,2
вельможна,2
крізь,2
твоїй,2
замкнути,2
посланців,2
посіяв,2
смутить,2
твердо,2
згадаю,2
станемо,2
зітнусь,2
почтом,2
ласки,2
торговець,2
рибою,2
черву,2
всякий,2
йдеться,2
пройдисвіт,2
каже,2
сиві,2
прикро,2
вважаю,2
здужали,2
дме,2
вбік,2
відказує,2
здоровому,2
пробувати,2
вельмишановний,2
іншого,2
здорові,2
ся,2
синів,2
біля,2
послала,2
тюрму,2
добряча,2
такої,2
двору,2
бажаю,2
признатись,2
бідний,2
посилали,2
хочете,2
очах,2
якою,2
обовязком,2
зворушив,2
гільденстерна,2
королем,2
королевою,2
важко,2
стало,2
пречудовий,2
іншим,2
майстерний,2
витвір,2
розумом,2
окраса,2
праху,2
акторам,2
лицар,2
вільно,2
білий,2
вірш,2
давала,2
слави,2
зиску,2
шані,2
театр,2
акторами,2
схоже,2
скривдили,2
вселюдно,2
грошей,2
пєсу,2
розбито,2
двадцять,2
сорок,2
дукатів,2
портрет,2
здалося,2
приймаю,2
божевільний,2
новину,2
найкращі,2
драм,2
вистав,2
єфаю,2
пісеньки,2
привіз,2
бороду,2
божа,2
востаннє,2
нум,2
йшов,2
чудова,2
ладу,2
написана,2
смак,2
завдяки,2
користі,2
запеклий,2
починається,2
пірра,2
панцер,2
нагадували,2
стать,2
матерів,2
царя,2
шукає,2
схиляє,2
піррів,2
марса,2
вразив,2
боги,2
власть,2
гір,2
небесних,2
гекубу,2
царицю,2
вбиту,2
очу,2
слізьми,2
збурив,2
лиху,2
поголос,2
заслузі,2
дідько,2
далеко,2
мине,2
актора,2
чуєш,2
рушай,2
паном,2
покину,2
самоті,2
раб,2
вбитий,2
бевзь,2
здатний,2
мовчу,2
потягне,2
назве,2
підлим,2
га,2
жовчі,2
підступний,2
безчесний,2
йолоп,2
коханий,2
тьху,2
гри,2
красномовно,2
грають,2
диявол,2
борні,2
дужчий,2
згуби,2
зненацька,2
ніяк,2
хоче,2
дає,2
безумця,2
розваг,2
щирим,2
офелію,2
доню,2
чую,2
заснути,2
вмерти,2
страждань,2
вагань,2
літ,2
гніт,2
звідки,2
втрачають,2
дарунки,2
прагну,2
приязню,2
ха,2
чесна,2
гарна,2
чесноті,2
розмови,2
чеснота,2
влада,2
зробить,2
блазня,2
хаті,2
конче,2
забагнеться,2
заміж,2
знають,2
мова,2
цвіт,2
шляхетності,2
взірець,2
клятв,2
дивлюсь,2
дзвін,2
незрівнянний,2
плачу,2
бачила,2
всяк,2
випадок,2
шал,2
вельможних,2
дивіться,2
жест,2
меж,2
мала,2
їхній,2
судження,2
прости,2
християн,2
будького,2
свідчить,2
приготуйтесь,2
пізнати,2
годує,2
єдиний,2
своєму,2
устах,2
назавжди,2
повів,2
ласкав,2
глибин,2
злодій,2
йдуть,2
супроводі,2
несе,2
небіж,2
чудово,2
стосується,2
грали,2
сильніший,2
лягти,2
лягає,2
кому,2
ладен,2
переживе,2
забуття,2
навколішки,2
засинає,2
залишає,2
вливає,2
мертвого,2
зображує,2
показали,2
таємницю,2
показати,2
жартун,2
феб,2
сфери,2
років,2
недуги,2
журюсь,2
побє,2
полин,2
йдемо,2
другого,2
зелений,2
втіха,2
талан,2
таланом,2
розбраті,2
вінця,2
образливого,2
назва,2
герцога,2
дружина,2
чисте,2
гострий,2
житті,2
починай,2
кинь,2
слушний,2
пеклу,2
повість,2
встає,2
попав,2
червінців,2
говоріть,2
будете,2
гідну,2
здорового,2
друзям,2
хочу,2
кілька,2
тенета,2
флейта,2
запевняю,2
брехати,2
клапани,2
зовсім,2
благословить,2
кита,2
дозволь,2
кинджал,2
стерегти,2
безпеку,2
всюди,2
подорож,2
сховаюсь,2
владарю,2
молитви,2
подвійним,2
милосердя,2
стань,2
немовля,2
глиб,2
розважмо,2
помста,2
жди,2
далекий,2
убий,2
встиг,2
перебрав,2
вгамуйся,2
блазенських,2
руш,2
нутро,2
пацюк,2
протинає,2
взяти,2
необачний,2
румянець,2
зве,2
братів,2
краса,2
суворий,2
настільки,2
почуття,2
хворий,2
палка,2
шалено,2
бачиш,2
гарячки,2
музика,2
волає,2
виразку,2
сипте,2
даруйте,2
ліжко,2
простить,2
зло,2
постіль,2
зове,2
брудним,2
мавпа,2
навіки,2
відїзд,2
балакун,2
причин,2
лютий,2
небезпечний,2
змозі,2
нестямі,2
каплицю,2
поспішіть,2
вразить,2
йдім,2
відсіль,2
губка,2
губку,2
ділі,2
відшукати,2
раптовий,2
здатись,2
вечері,2
самий,2
червяка,2
знайде,2
пошукайте,2
придворних,2
власної,2
надає,2
байдуже,2
сказано,2
страту,2
перекажіть,2
зухвало,2
небезпеку,2
згас,2
розмовляти,2
кожен,2
дум,2
прийняти,2
зловмисних,2
гульк,2
саван,2
дитино,2
знаємо,2
валентина,2
рана,2
імені,2
мастак,2
немає,2
власного,2
люд,2
пліткам,2
нещасна,2
скін,2
пустіть,2
облиш,2
власна,2
щирий,2
мсти,2
згадку,2
вкрав,2
іншої,2
моряки,2
моряк,2
прочитаєш,2
самодин,2
роблять,2
послав,2
пливуть,2
листами,2
важусь,2
хвала,2
спи,2
милості,2
раду,2
погляд,2
темні,2
уявити,2
вихваляв,2
розповів,2
бажанням,2
гине,2
вбивці,2
вернувсь,2
візьми,2
трути,2
якусь,2
бридко,2
суть,2
навмисне,2
топиться,2
копав,2
будує,2
міцніше,2
муляра,2
корабельника,2
тесляра,2
ставить,2
тисячу,2
красно,2
ї,2
викидає,2
обкрутити,2
відпала,2
труні,2
міцній,2
сирій,2
гостю,2
земель,2
угод,2
визискних,2
пергамент,2
копаєш,2
роки,2
відіслали,2
вправлять,2
скільки,2
пролежить,2
згниє,2
девять,2
гайгай,2
разів,2
простежити,2
александра,2
барилі,2
глину,2
двір,2
дайте,2
стрибає,2
здатен,2
запамятав,2
лежу,2
нагло,2
держав,2
усією,2
жарко,2
душно,2
ознаймити,2
шляхетної,2
дворянина,2
належне,2
інший,2
таємниця,2
заклався,2
шість,2
берберійських,2
коней,2
французьких,2
портупеї,2
шор,2
боці,2
змагання,2
залі,2
взаємно,2
почую,2
сутичці,2
падає,2
зради,2
віддай,2
картина,2
переклад,1
леоніда,1
гребінки,1
дійові,1
клавдій,1
покійного,1
нинішнього,1
головний,1
радник,1
солдат,1
гертруда,1
гамлетового,1
дами,1
перша,1
назватися,1
повинен,1
запізнення,1
щира,1
холод,1
лютийдивіться,1
річард,1
ііі,1
iv,1
четвертий,1
сонет,1
твори,1
скороченогамлет,1
шкільні,1
творигамлет,1
рефератияк,1
думаєте,1
викликає,1
трактування,1
запитання,1
біографія,1
вільяма,1
шекспіра,1
спокійне,1
миша,1
пробігла,1
спіткаєш,1
марцелла,1
баряться,1
бувай,1
солдате,1
вартує,1
посту,1
гов,1
поява,1
цеї,1
повірить,1
ублагав,1
прийти,1
повартувати,1
привиддя,1
зявиться,1
навіч,1
переконавсь,1
вийде,1
штурмувати,1
будемо,1
стійкий,1
мур,1
оповідей,1
послухаймо,1
розповість,1
минулу,1
ген,1
захід,1
полярної,1
зоря,1
дозором,1
обійшовши,1
небосхил,1
вдарило,1
тихіше,1
явився,1
корольнебіжчик,1
книжник,1
ляку,1
питай,1
опівнічної,1
доби,1
прибрав,1
войовничий,1
вражав,1
образився,1
дрижиш,1
мислиш,1
йняв,1
віри,1
свідчення,1
правдиве,1
панцері,1
здолав,1
пихатого,1
супився,1
скинув,1
отих,1
поляків,1
саней,1
дивне,1
ступою,1
пояснити,1
віщує,1
несказанні,1
сувора,1
пильна,1
виснажує,1
щоночі,1
міді,1
ллють,1
щодня,1
завозять,1
війни,1
корабельників,1
женуть,1
силком,1
неділь,1
гарячці,1
зєднались,1
роботі,1
зясує,1
подоба,1
являлась,1
норвежців,1
мордувавсь,1
заздрої,1
пихи,1
дістав,1
виклик,1
угоди,1
печатьми,1
скріпленої,1
переможцю,1
убитий,1
віддавав,1
укупі,1
завойовані,1
походах,1
закладавсь,1
шматом,1
володінь,1
дідизни,1
подужав,1
законно,1
дістались,1
гамлету,1
норвезькі,1
знано,1
фортінбрасмолодший,1
незрілому,1
завзятті,1
понабирав,1
околицях,1
норвезьких,1
шибайголів,1
безстрашних,1
гольтіпак,1
хліб,1
харч,1
вдатних,1
пахне,1
здобиччю,1
уряд,1
оружною,1
силоміць,1
згадані,1
краї,1
заходів,1
воєнних,1
вартувань,1
тривог,1
зловісна,1
явилась,1
подобі,1
призвідцею,1
війн,1
дрібниця,1
затьмарює,1
славні,1
розвою,1
загинуть,1
юлій,1
розкривались,1
квилячи,1
вздовж,1
римських,1
хвостаті,1
роси,1
світило,1
вод,1
шановане,1
нептуновому,1
царстві,1
тьму,1
хворіло,1
подій,1
предтечі,1
долю,1
провіщають,1
злигодням,1
прийдешнім,1
зявилися,1
пострах,1
цитьте,1
перейду,1
розводить,1
маро,1
звуку,1
полегкість,1
пізно,1
відвернути,1
озовися,1
сховав,1
нагарбаний,1
віщо,1
духи,1
бродите,1
спини,1
метнути,1
протазаном,1
спиниться,1
прогнівили,1
видиво,1
величне,1
уявною,1
погрозою,1
насильства,1
невразливий,1
погрози,1
зневага,1
винуватий,1
віщий,1
поклик,1
голосистим,1
дзвінким,1
пробуджує,1
щоранку,1
сурмач,1
досвітній,1
мандрівна,1
пороги,1
впевнились,1
щез,1
справляється,1
різдво,1
христове,1
співець,1
світанку,1
всеньку,1
ніякий,1
зважиться,1
планети,1
коять,1
мавка,1
відьма,1
вчаклує,1
священний,1
спасенний,1
багряних,1
шатах,1
зза,1
тихон,1
круч,1
кінчаймо,1
раджу,1
сповістім,1
обізветься,1
спіткати,1
парадна,1
воль,1
тіманд,1
свіжі,1
спогади,1
смутні,1
серцях,1
ревний,1
тугою,1
зборов,1
розважно,1
тужачи,1
братом,1
забуваємо,1
вдову,1
порфіроносну,1
тлумлячи,1
одному,1
другім,1
усміх,1
мірці,1
весіллі,1
веселість,1
жалобі,1
подружжя,1
одруження,1
схиляли,1
перейдімо,1
юний,1
малу,1
ціну,1
поклавши,1
нашій,1
втратить,1
єдність,1
любого,1
узяв,1
спілки,1
мрію,1
самолюбну,1
наваживсь,1
посланням,1
докучати,1
вимагає,1
преславний,1
праву,1
відібрав,1
зібрали,1
фортінбрасового,1
ложа,1
неміччю,1
прикутий,1
заходам,1
спорядження,1
обтяжують,1
корнелію,1
ветхого,1
поклонами,1
повноважень,1
рядити,1
визначені,1
вказані,1
грамотах,1
оцих,1
поспіх,1
засвідчить,1
виявим,1
щасливої,1
путі,1
проханням,1
задовольнить,1
попросиш,1
самохіть,1
вволю,1
близька,1
устам,1
датське,1
берло,1
данію,1
коронування,1
линуть,1
просять,1
настійливо,1
благав,1
поступився,1
нехотя,1
відїхать,1
слугує,1
темнять,1
палить,1
скинь,1
дружнім,1
повіки,1
опустивши,1
шукать,1
мре,1
проходячи,1
вічність,1
тління,1
незвичним,1
чуже,1
плащ,1
чорнило,1
врочисті,1
одяги,1
жалоби,1
переривчасті,1
тяжкі,1
повноводі,1
ручаї,1
вираз,1
втрати,1
суму,1
лиці,1
вияви,1
ознаки,1
значать,1
здаються,1
вдати,1
смутку,1
показне,1
пойняло,1
природно,1
похвально,1
скорбну,1
віддати,1
синівський,1
жалобу,1
правити,1
затятись,1
жалях,1
непогамовних,1
впертість,1
нечестива,1
бабське,1
неповагу,1
нестале,1
нетерплячий,1
невиховану,1
вузьку,1
уяву,1
судилось,1
звичайнісінька,1
упертості,1
тупої,1
брати,1
взаконивши,1
провіщає,1
лихом,1
май,1
трону,1
найближчий,1
любитимем,1
дорогого,1
намірів,1
науки,1
суперечить,1
бажанню,1
втіху,1
лишись,1
їдь,1
скоряюсь,1
шана,1
скора,1
згода,1
втішила,1
сповістять,1
земному,1
грому,1
вторячи,1
тост,1
стокротно,1
відгримить,1
розпастись,1
розтанути,1
парою,1
здиміти,1
накладати,1
всевишній,1
дозволив,1
мерзенні,1
ганьба,1
здичілий,1
сад,1
буряни,1
потворне,1
хиже,1
зілля,1
буяє,1
дійшло,1
гіперіон,1
нинішній,1
сатир,1
легіт,1
смів,1
згадувать,1
горнулась,1
росла,1
гамувалась,1
зрадливість,1
наймення,1
жінко,1
збила,1
гробом,1
сльозах,1
ніобея,1
нетямучий,1
журився,1
схож,1
ятрить,1
сіль,1
нещирих,1
розчервонілі,1
безсоромна,1
хуткість,1
поспішати,1
кровозмісне,1
ложе,1
німуй,1
рветься,1
похибив,1
покірний,1
байдикувати,1
повірю,1
наклеп,1
почув,1
ледачих,1
пияцтва,1
привчимо,1
похов,1
студентедруже,1
кепкуй,1
весілля,1
дним,1
невдовзі,1
остиглі,1
похоронні,1
відразу,1
столи,1
весільні,1
дожити,1
ворогом,1
раю,1
зустрівсь,1
немовби,1
побачу,1
рівного,1
подив,1
чуйно,1
потвердять,1
очевидців,1
вояки,1
поспіль,1
стоячи,1
побачили,1
мертвотну,1
глупу,1
видіння,1
пят,1
зявився,1
повагом,1
величним,1
зблизька,1
берлом,1
черкавши,1
пройшов,1
відвести,1
мігши,1
сполотнілі,1
скуті,1
жахом,1
стояли,1
мовчки,1
розповіли,1
третю,1
пору,1
образі,1
самім,1
потвердивши,1
краплі,1
подібні,1
майданчику,1
говорили,1
підвівши,1
заговорив,1
знагла,1
дзвінко,1
стрепенувшись,1
віддалився,1
ізперед,1
віч,1
повідомити,1
бентежить,1
вдвох,1
причілля,1
підняв,1
суворим,1
видававсь,1
червоний,1
дивився,1
пильно,1
нагнав,1
тривало,1
повільно,1
полічити,1
сива,1
сріблясточорна,1
повартую,1
певно,1
ручусь,1
візьме,1
роззявиться,1
пекельна,1
паща,1
звелить,1
заговорю,1
таїні,1
мовчіть,1
тримайте,1
прохопіться,1
послугу,1
віддячу,1
опівночі,1
зустрінемося,1
виконаєм,1
дружня,1
послуга,1
негаразд,1
нечисте,1
потерпи,1
діяння,1
злі,1
світло,1
вийдуть,1
кораблі,1
сестрице,1
попутним,1
прислати,1
звістку,1
легку,1
примху,1
фіалку,1
напровесні,1
цвіте,1
рано,1
зросла,1
недовговічна,1
запашна,1
нетривка,1
квітка,1
коротку,1
хвилю,1
природабо,1
роками,1
тілу,1
росте,1
пишнішу,1
правлять,1
бруд,1
лукавство,1
плямлять,1
бажань,1
стережись,1
становищі,1
походження,1
невільник,1
простий,1
відітне,1
ласий,1
добро,1
цілої,1
томуто,1
вибору,1
межах,1
воління,1
майбутня,1
освідчиться,1
розважна,1
ствердити,1
наперекір,1
розмисли,1
впадеш,1
неславу,1
довіришся,1
солодким,1
розкриєш,1
втратиш,1
дівочий,1
нестримним,1
домаганням,1
поступившись,1
сестричко,1
стережися,1
сполохів,1
невинна,1
дівчина,1
защедра,1
оминути,1
неслави,1
хробак,1
троянду,1
точить,1
пупянок,1
розкриє,1
весні,1
хвороби,1
стерегтися,1
обачна,1
найліпший,1
сторож,1
юність,1
повстає,1
поставлю,1
чини,1
лукавий,1
пастор,1
вказує,1
тернистий,1
погруз,1
гордині,1
обравши,1
стежку,1
насолод,1
квітучу,1
байдужий,1
бійсь,1
барюсь,1
благословенний,1
вдвоє,1
щасний,1
пощастило,1
попрощатись,1
щогли,1
гнуться,1
вітрил,1
надутих,1
спіши,1
доводь,1
думок,1
незрілих,1
виводь,1
тримайся,1
пізнавши,1
прикуй,1
обручем,1
стальним,1
ручкаючись,1
зразу,1
попало,1
мозоль,1
остережися,1
встрявати,1
сварку,1
встряв,1
противник,1
стережеться,1
збирай,1
чужі,1
приховуй,1
ший,1
гаману,1
пишно,1
вбранню,1
цінять,1
вищий,1
значніший,1
добірніше,1
позичай,1
даючи,1
втрачаєш,1
беручи,1
ощадності,1
тупиш,1
випливе,1
настановля,1
бю,1
панотче,1
гайсь,1
дійшли,1
ключ,1
віддаю,1
овва,1
знедавна,1
застерігали,1
шануєшся,1
дочці,1
приязні,1
тю,1
дівча,1
жовтодзьобе,1
терте,1
віриш,1
байкам,1
зарукам,1
подумати,1
сумніву,1
дитя,1
золото,1
проси,1
донько,1
найдорожчу,1
усох,1
заручилась,1
заручин,1
освідчувався,1
ненадовго,1
стверджував,1
свідоцтвом,1
клятвами,1
святими,1
сильця,1
синиць,1
щедрий,1
спалахи,1
гріють,1
гаснуть,1
язиці,1
дається,1
бери,1
надалі,1
скупіше,1
виявляй,1
дівочу,1
гасать,1
довшім,1
аркані,1
клятьбам,1
гендлярі,1
їхнього,1
убору,1
посередники,1
ділах,1
гріховних,1
звідники,1
святі,1
видом,1
звабити,1
бороню,1
рішуче,1
хвилинні,1
стрічі,1
балачки,1
принцом,1
гамлетом,1
негожі,1
шануй,1
корюся,1
забиває,1
заходять,1
зашпори,1
мороз,1
кусючий,1
котра,1
било,1
блукає,1
справляє,1
учту,1
танцює,1
танець,1
щораз,1
дзбан,1
осушить,1
гучно,1
сповіщають,1
подвиг,1
родивсь,1
призвичаївсь,1
зламать,1
держатись,1
пиятика,1
ославила,1
народи,1
заходу,1
сходу,1
мають,1
пяниць,1
дражнять,1
свиньм,1
знеславлює,1
зводить,1
нанівець,1
позначує,1
природний,1
гандж,1
винна,1
народженні,1
добирає,1
роду,1
якась,1
надмірна,1
риса,1
зносить,1
вали,1
загати,1
переступає,1
подобства,1
чемності,1
несучи,1
ліку,1
чистіші,1
згубила,1
однісіньким,1
пороком,1
крихта,1
благородство,1
здатна,1
очорнити,1
пречисті,1
крийте,1
сатана,1
злинув,1
зринув,1
лихі,1
навдивовижу,1
незнанні,1
стражденні,1
поховані,1
звичаю,1
продерли,1
покрови,1
домовина,1
розкрила,1
щелепи,1
камінні,1
вивергла,1
зрозуміть,1
ізнов,1
ідеш,1
сяйві,1
непевнім,1
спотворюючи,1
смертним,1
зрушивши,1
жахливо,1
неосяжними,1
чиниш,1
киває,1
оповісти,1
глядітьбо,1
любязно,1
відійти,1
озветься,1
ставлю,1
шпильки,1
вчинить,1
вонабо,1
безсмертна,1
кручу,1
лячним,1
звисає,1
хвилями,1
морськими,1
прибере,1
страшливу,1
ввергне,1
схаменіться,1
кручах,1
охопили,1
вниз,1
рев,1
послухає,1
поспішу,1
пустимо,1
отямтеся,1
спотужнює,1
жили,1
здола,1
немейський,1
лев,1
відійдіть,1
духом,1
завела,1
кінчиться,1
завелась,1
гнилизна,1
поможуть,1
частина,1
укріплень,1
ведеш,1
дальш,1
сірчане,1
муку,1
вертатись,1
жалкуй,1
ухом,1
повім,1
помститись,1
почуєш,1
приречений,1
вдень,1
каратися,1
буття,1
земного,1
вигорять,1
пня,1
тайна,1
тюрми,1
наговорив,1
найменше,1
роздерло,1
остудило,1
вирвало,1
орбіт,1
чуб,1
густий,1
хвилястий,1
розняло,1
підняло,1
кожну,1
волосину,1
голки,1
дикобраза,1
одкровення,1
вічності,1
пометися,1
нелюдське,1
усяке,1
гидка,1
найгидше,1
найдикіше,1
найпідліше,1
бистрих,1
полину,1
мститись,1
вялий,1
ситняг,1
спокійний,1
поріс,1
лети,1
стрепенувсь,1
гадюка,1
вкусила,1
сонного,1
такою,1
байкою,1
ошукано,1
хлопче,1
змій,1
надів,1
віще,1
кровозмісник,1
хтивий,1
умом,1
чаклунським,1
чорним,1
даром,1
зваби,1
облесництва,1
схилив,1
ганебних,1
взір,1
чеснотну,1
лицаря,1
шляхетна,1
обітницею,1
шлюбною,1
ручобруч,1
скотитися,1
гада,1
позбавленого,1
знадить,1
убрався,1
небесний,1
лик,1
янголом,1
ясним,1
зєдналась,1
райському,1
наситившися,1
забагне,1
падла,1
ранковим,1
скоротім,1
спав,1
пообідня,1
дозвілля,1
підкрався,1
блекоти,1
сховавши,1
влив,1
проказу,1
люту,1
збуджує,1
ворогує,1
людською,1
срібла,1
природні,1
переходи,1
квасу,1
густить,1
квасить,1
силою,1
здорову,1
сквасило,1
струп,1
лазаря,1
покрив,1
бридкою,1
смердючою,1
корою,1
братовою,1
дружиму,1
підтятий,1
сповіді,1
собору,1
мусив,1
провин,1
плечах,1
нести,1
нелюдськи,1
страшної,1
попусти,1
грудях,1
датських,1
ліжком,1
кровозмісу,1
поведеш,1
погань,1
умисливши,1
тернам,1
поросли,1
карати,1
світляк,1
почутивши,1
немічний,1
вогник,1
пригасив,1
земле,1
вдатися,1
мякніть,1
мязи,1
тужаві,1
станьте,1
держіть,1
бідна,1
блудить,1
черепку,1
табличок,1
зітру,1
дотла,1
записи,1
книжну,1
минуле,1
досвіду,1
відбитки,1
книзі,1
запис,1
заповіт,1
присягаюсь,1
усміхнений,1
таблички,1
запишім,1
гадом,1
пише,1
готово,1
дядечку,1
девіз,1
борони,1
розкажіть,1
прохопитесь,1
подумав,1
здержите,1
клянемось,1
шахраєм,1
вставати,1
домовини,1
зайвих,1
потиснути,1
розійтись,1
турбот,1
якісь,1
турботи,1
нещасний,1
молитись,1
шкодую,1
патріком,1
духові,1
пойняти,1
кортить,1
товариші,1
навчанні,1
вдовольніть,1
скажемо,1
присягніться,1
заприсяглись,1
ге,1
братку,1
небораче,1
підземелля,1
клястись,1
підкажіть,1
казать,1
et,1
ubique,1
перейдім,1
деінде,1
покладіть,1
почуте,1
мовчать,1
скрізь,1
латин,1
ого,1
кріт,1
риєш,1
землекоп,1
дивуйтесь,1
тайн,1
вченості,1
приснилось,1
боронь,1
дико,1
повівсь,1
спасти,1
дурником,1
абощо,1
складати,1
багатозначним,1
виразом,1
моргати,1
сумнівні,1
тете,1
утямки,1
сміли,1
давати,1
спасінням,1
клянуться,1
вгамуйсь,1
бентежний,1
покладусь,1
виказати,1
дасть,1
забариться,1
йдімо,1
звихнувся,1
доле,1
направить,1
передам,1
розумно,1
взнати,1
поводиться,1
думав,1
дізнайся,1
парижі,1
знаються,1
тратять,1
дізнавшись,1
питаннями,1
знайомий,1
виїжджай,1
манівців,1
битий,1
удай,1
чуток,1
втямив,1
додай,1
гультяй,1
безпутний,1
сякий,1
набреши,1
зайде,1
знечестити,1
побійся,1
зате,1
непутства,1
срамоти,1
супроводять,1
божба,1
свари,1
знечестить,1
умій,1
полегшити,1
наведи,1
спиши,1
мило,1
сприймались,1
вільного,1
пил,1
вибухи,1
палкої,1
вгамоване,1
гну,1
штука,1
корисна,1
заляпавши,1
багном,1
співрозмовник,1
випитать,1
котрого,1
помічав,1
юнаком,1
ганьбив,1
певен,1
учора,1
тодіто,1
вихилив,1
надміру,1
побивсь,1
мяч,1
заходив,1
понашому,1
бордель,1
гачок,1
брехнею,1
рибкуправду,1
вловить,1
хитрощами,1
глуздом,1
зокола,1
пробуючи,1
броду,1
вибоями,1
виходим,1
гладеньке,1
вказівок,1
панича,1
утямив,1
потайці,1
навчається,1
таточку,1
перелякалась,1
шила,1
розхристаний,1
шапки,1
непідвязаних,1
брудних,1
панчохах,1
обвислих,1
кайдани,1
колотяться,1
розпука,1
розповісти,1
увійшов,1
схопив,1
пясть,1
стиснув,1
довжину,1
другою,1
прикривши,1
втопив,1
намалювать,1
потрясши,1
злегка,1
хитнувши,1
зітхнув,1
жалісно,1
глибоко,1
розпадеться,1
пустивши,1
дивлячись,1
видиме,1
любовне,1
яке,1
шаленством,1
губить,1
штовхаючи,1
мучать,1
сказала,1
прикрого,1
батечку,1
писань,1
брала,1
пускала,1
шкода,1
легковажив,1
боявсь,1
бавиться,1
страхи,1
старим,1
властиво,1
обачності,1
молодим,1
мусить,1
накличе,1
таїтись,1
службі,1
маючи,1
покликали,1
чували,1
внутрішньо,1
зовні,1
батькової,1
самовладанням,1
розлучити,1
змалку,1
росли,1
сусідячи,1
вдачею,1
віком,1
товариством,1
втягти,1
розваги,1
гнітить,1
зцілити,1
згадує,1
певна,1
прихильніший,1
охочі,1
явити,1
віддасте,1
нашим,1
помислам,1
пішовши,1
віддячено,1
гостину,1
покоролівськи,1
монарших,1
корячись,1
прихиливши,1
ждемо,1
хтонебудь,1
панів,1
звеселить,1
амінь,1
почту,1
норвегії,1
щасливо,1
добрих,1
повірте,1
рівно,1
позбувся,1
нюху,1
тонший,1
хисткіший,1
джерела,1
ясність,1
жадав,1
прийняли,1
послів,1
новини,1
бенкеті,1
будуть,1
солодке,1
вчини,1
недолі,1
поквапний,1
шле,1
поклони,1
побажання,1
вчувши,1
урвати,1
гадав,1
похід,1
лаштує,1
пильніш,1
приглянувшись,1
упевнивсь,1
засмутившись,1
похилий,1
допомогли,1
убрати,1
заборонив,1
приїздить,1
виниться,1
присягається,1
підіймати,1
призначає,1
щорік,1
корон,1
вповноважує,1
навербоване,1
вести,1
списано,1
докладно,1
подає,1
папери,1
дозволили,1
військам,1
прохід,1
землях,1
ща,1
запоруках,1
повної,1
означено,1
раді,1
розглянемо,1
вільніший,1
відписати,1
справний,1
спочиньте,1
ввечері,1
учта,1
міркувати,1
підданця,1
гаяти,1
оскільки,1
стислість,1
велемовність,1
убрання,1
квітчасте,1
мовлю,1
стисло,1
полягає,1
дбаю,1
зворот,1
незграбний,1
обійдусь,1
правил,1
красномовства,1
знайдім,1
знайдімо,1
себто,1
спричинивсь,1
міркуймо,1
покори,1
слухнянства,1
розважте,1
розсудіть,1
небесному,1
ідолові,1
невдалий,1
пишні,1
білі,1
писав,1
стривайте,1
вогні,1
зрання,1
брехні,1
хисту,1
розміряти,1
повір,1
премила,1
машинка,1
справна,1
слухняно,1
показала,1
розказала,1
упадав,1
прийняла,1
якої,1
віддана,1
довести,1
думали,1
промене,1
взнавши,1
бачивши,1
палку,1
льоті,1
укмітив,1
призналась,1
гадали,1
дубовий,1
нечулий,1
серцю,1
наказав,1
дививсь,1
подумали,1
гаявсь,1
руба,1
молодій,1
красуні,1
орбіті,1
напутив,1
брать,1
дарунків,1
гнати,1
пожала,1
відштовхнутий,1
коротше,1
зажурився,1
постити,1
підупав,1
знетяму,1
мордує,1
бувало,1
плечі,1
здійміть,1
оцього,1
сліду,1
дійду,1
сховайте,1
вивірити,1
годин,1
галереї,1
пошлю,1
попильнуємо,1
покохав,1
збезумів,1
мужиком,1
стайничим,1
державним,1
радцем,1
перевірмо,1
сердега,1
сумно,1
обоє,1
притьмом,1
читаючи,1
поживає,1
бажав,1
однимєдиним,1
десяти,1
плодить,1
дохлій,1
собаці,1
обціловуючи,1
падло,1
гуляє,1
лоні,1
дочки,1
скажете,1
тягне,1
доньку,1
впізнав,1
замолоду,1
зазнав,1
мовлюно,1
читаєте,1
питаю,1
книжці,1
наклепи,1
сатирик,1
старих,1
бороди,1
зморшки,1
їхніх,1
тече,1
густа,1
смола,1
сливяний,1
глей,1
кебети,1
стегнах,1
тактаки,1
писати,1
позадкувати,1
раком,1
послідовність,1
нізвідки,1
дотепно,1
подеколи,1
божевіллю,1
влучно,1
висловитись,1
глуздові,1
надумати,1
звести,1
дочкою,1
покинути,1
попросити,1
розлучивсь,1
охочіше,1
бувайте,1
старі,1
нудотні,1
дурні,1
осьде,1
найліпші,1
хлопці,1
першіліпші,1
надмірнім,1
щасті,1
шишці,1
ковпака,1
підошвах,1
поперека,1
осередді,1
розкошів,1
десь,1
посередині,1
скромному,1
скоромному,1
потіпаха,1
новина,1
неправдива,1
спитати,1
докладніше,1
завинили,1
буцегарень,1
темниць,1
підземель,1
найгірших,1
мислення,1
утворює,1
зробила,1
тюрмою,1
затісна,1
вистачило,1
горіхової,1
шкаралупи,1
безкрайого,1
простору,1
снилося,1
лихих,1
снів,1
честолюба,1
сну,1
легка,1
плинна,1
жебраки,1
пихаті,1
герої,1
жебраків,1
розумувати,1
рівняти,1
слуг,1
доглядають,1
злидар,1
подяку,1
шеляга,1
самим,1
забаглось,1
охоти,1
послали,1
вистачає,1
спритності,1
приховати,1
викликали,1
метою,1
зясувати,1
заклинаю,1
правом,1
товариша,1
молодістю,1
єднає,1
накладає,1
невмируща,1
дружба,1
дорожчим,1
кращий,1
красномовець,1
прямі,1
щирі,1
вголос,1
любите,1
крийтесь,1
викликано,1
здогад,1
дозволить,1
визнавати,1
тайни,1
злиняє,1
пірїну,1
останнім,1
усю,1
жвавість,1
занедбав,1
звичні,1
натурі,1
споруда,1
безплідною,1
скелею,1
моря,1
повітряний,1
намет,1
прекрасне,1
склепіння,1
велична,1
покрівля,1
уцяцькована,1
золотими,1
вогнями,1
видається,1
бридким,1
тлумищем,1
отруйних,1
випарів,1
безмежний,1
хистом,1
вражає,1
дивує,1
доцільністю,1
постаті,1
рухів,1
дією,1
подібний,1
ангела,1
тямою,1
божества,1
всесвіту,1
найдовершеніше,1
створінь,1
квінтесенція,1
усміхом,1
сміялись,1
спало,1
пісна,1
гостина,1
нагнали,1
дорозі,1
їдуть,1
бажаним,1
гостем,1
дістане,1
мандрівний,1
поорудує,1
щитом,1
списом,1
полюбовник,1
зітхатиме,1
дивак,1
сумирно,1
докінчить,1
роль,1
штукар,1
попосмішить,1
насмішити,1
героїні,1
вилити,1
кульгатиме,1
самісінькі,1
тішили,1
столичні,1
трагіки,1
мандрують,1
осілість,1
останні,1
новацтва,1
наробили,1
шкоди,1
місті,1
вчащають,1
стали,1
трудяться,1
ревно,1
звикли,1
завелось,1
кубло,1
дітвори,1
неоперених,1
соколят,1
верещать,1
гучніш,1
усяку,1
плещуть,1
отакі,1
моді,1
лають,1
звичайний,1
називають,1
шпагою,1
рідко,1
наважується,1
заходити,1
боячись,1
гусячого,1
пера,1
сатириків,1
діти,1
утримує,1
платять,1
держатимуться,1
ремесла,1
голосу,1
ставши,1
простими,1
кошту,1
скажуть,1
автори,1
змусивши,1
ганьбити,1
власний,1
спадок,1
сторін,1
галасу,1
публіка,1
підюджувати,1
спір,1
платили,1
поет,1
доходили,1
навкулачок,1
голів,1
хлопята,1
ношею,1
подужали,1
дивина,1
показували,1
жив,1
дають,1
пятдесят,1
сто,1
мініатюрі,1
надприродне,1
філософія,1
могла,1
дошукатись,1
прибуттям,1
ельсінора,1
гостей,1
вітати,1
належною,1
ґречністю,1
церемонією,1
честити,1
манері,1
ласкавої,1
гостинніше,1
дядькобатько,1
тіткамати,1
ошукалися,1
норднордвест,1
полудня,1
яструба,1
чаплі,1
відрізню,1
вухо,1
слухачу,1
дитина,1
пелюшок,1
увійшла,1
старе,1
мале,1
пророчу,1
сповістити,1
понеділок,1
уранці,1
росцій,1
актором,1
римі,1
прибули,1
тетете,1
допхалися,1
ослах,1
трагедій,1
комедій,1
історичних,1
пасторальних,1
ідилій,1
ідилікокомічних,1
історикоідилічних,1
трагікоісторичних,1
трагікокомікоісторикоідилічних,1
додержанням,1
додержання,1
правила,1
єдностей,1
сенека,1
плавт,1
правилами,1
нихкращих,1
судіє,1
ізраїльський,1
милував,1
доглядав,1
зовете,1
єфаєм,1
милую,1
доглядаю,1
судилась,1
ждав,1
усяк,1
побожної,1
урвім,1
розвага,1
четверо,1
пятеро,1
живими,1
здоровими,1
друзяко,1
городу,1
молода,1
крале,1
бачились,1
підбор,1
моліть,1
золотого,1
дзвону,1
щербатий,1
червінець,1
французькі,1
сокольничі,1
кинемось,1
вздримо,1
покажіть,1
зразок,1
мистецтва,1
патетичний,1
сцені,1
вподобалась,1
натовпу,1
кавяр,1
декого,1
справах,1
гучніша,1
скомпонована,1
майстерно,1
віршам,1
перцю,1
присмаку,1
авторові,1
високого,1
стилю,1
правильний,1
відчувається,1
пєсі,1
набагато,1
прикраси,1
особлизо,1
полюбивсь,1
оповідання,1
енея,1
дідоні,1
розказує,1
пріамову,1
вивітрилося,1
почни,1
вірша,1
гірканський,1
ховався,1
коні,1
зловіснім,1
лячну,1
похмуру,1
обарвив,1
страшніше,1
багреці,1
ризі,1
дочок,1
засмажених,1
чадним,1
пожаром,1
присвічує,1
зловісним,1
сяйвом,1
убивцям,1
шалу,1
облиплий,1
варом,1
кровяним,1
карбункули,1
древнього,1
ійбогу,1
виголосом,1
чуттям,1
знаходить,1
цар,1
боре,1
греків,1
ветхий,1
противний,1
непідвладний,1
ляже,1
нерівну,1
прю,1
підносить,1
свисту,1
лютого,1
схилився,1
троя,1
жива,1
вимах,1
вогненне,1
гуркотом,1
страшним,1
пірру,1
навислий,1
велебного,1
молочну,1
застиг,1
кат,1
мальований,1
утративши,1
рухався,1
бурею,1
бачим,1
завмерле,1
непорушні,1
безвітря,1
сторожке,1
земний,1
окіл,1
розчахне,1
страшенний,1
повагавшись,1
повстала,1
мста,1
падали,1
молоти,1
циклопів,1
куючи,1
лютіше,1
фортуноблуднице,1
сонмом,1
збавте,1
строщіть,1
колесі,1
обіддя,1
спиці,1
маточину,1
ввергніть,1
тартар,1
чортів,1
задовге,1
потребує,1
цирульника,1
гопки,1
втяти,1
сороміцького,1
засне,1
зрів,1
цариця,1
вбита,1
босоніж,1
біга,1
ллє,1
огонь,1
болючі,1
діадеми,1
ганчірка,1
чолі,1
шат,1
округ,1
усохлих,1
многоплідних,1
чресел,1
верета,1
напнута,1
розпуки,1
язиком,1
чумним,1
замах,1
дивилися,1
скажений,1
злим,1
тішивсь,1
сікши,1
зойк,1
гекуби,1
смертне,1
зворушує,1
залив,1
жар,1
богів,1
дочитаєш,1
доглянете,1
подбали,1
поводилися,1
короткі,1
літописи,1
ліпше,1
придбати,1
епітафію,1
ганебний,1
вшаную,1
чоловіче,1
шанувати,1
різок,1
ушануйте,1
власній,1
гідності,1
меншого,1
заслуги,1
гостинності,1
ходіть,1
прямуйте,1
го,1
зіграти,1
потреба,1
вивчити,1
кільканадцять,1
віршів,1
напишу,1
приточу,1
гляди,1
кпили,1
вечора,1
нікчема,1
наругу,1
химері,1
чистій,1
мареві,1
підкорив,1
мрією,1
пойнятий,1
зламався,1
убралось,1
одежу,1
гекубі,1
гекуба,1
побиватись,1
рікою,1
затопив,1
сцену,1
потряс,1
громохким,1
поверг,1
винних,1
чистих,1
згнітив,1
нетямущих,1
скамянив,1
ледащо,1
тугодум,1
безверхий,1
тюхтій,1
оспалий,1
марнію,1
підло,1
боягуз,1
назове,1
падлюкою,1
розколе,1
обсмиче,1
вічі,1
кине,1
безпечно,1
брехуном,1
схоче,1
стерпів,1
голубячі,1
печінки,1
кривду,1
пригірчить,1
стервом,1
гадячим,1
кормив,1
шулік,1
околу,1
блудний,1
сласний,1
гаде,1
помсто,1
біса,1
вбитого,1
кличуть,1
мстити,1
влегшую,1
шльондра,1
перекупка,1
гидота,1
дівся,1
запеклі,1
лиходії,1
попавши,1
мистецтвом,1
вражалися,1
признавались,1
злочинах,1
мовить,1
напрочуд,1
подібне,1
зведу,1
впюсь,1
здригнеться,1
знатиму,1
прибрати,1
милий,1
ослаблого,1
такими,1
душами,1
обманює,1
потрібне,1
опертя,1
вполюю,1
виставою,1
третя,1
змогли,1
манівцями,1
попутало,1
збентеживши,1
свавільним,1
небезпечним,1
маячінням,1
визнає,1
зробивсь,1
промацати,1
випорсає,1
спритністю,1
підводимо,1
прийняв,1
чемно,1
силувано,1
поведінці,1
скупий,1
питати,1
відповідати,1
закликали,1
випадком,1
шляху,1
перегнали,1
якихсь,1
мовили,1
звеселивсь,1
загадано,1
величностям,1
передав,1
запрошення,1
подивитись,1
схиливсь,1
спонукуйте,1
облиште,1
потай,1
позвать,1
наміром,1
найкращим,1
небачені,1
зустріч,1
непохибно,1
вважаючи,1
поведінку,1
нудьга,1
мучиться,1
корюсь,1
голубко,1
бажала,1
вроді,1
ховалася,1
шаленств,1
виправлять,1
обом,1
офєлія,1
гуляй,1
звольте,1
вдай,1
читаєш,1
книжки,1
гани,1
подобою,1
святим,1
божим,1
підсолодимо,1
чорта,1
правдиво,1
ляпас,1
влучив,1
щоки,1
намащені,1
циноброю,1
білилом,1
фарбований,1
ховаймося,1
питання,1
благородніше,1
коритись,1
гострих,1
зітнувшись,1
морем,1
врятує,1
вийме,1
плоті,1
заразом,1
жаданий,1
снити,1
присняться,1
позбудемось,1
земних,1
суєт,1
терпів,1
бичі,1
наруги,1
можновладця,1
гордія,1
зневаги,1
відштовхнуту,1
несправедливість,1
властей,1
сваволю,1
тяганину,1
скромної,1
глум,1
лезом,1
здобути,1
стогнав,1
тягарем,1
піт,1
лив,1
попасти,1
незнаний,1
повертався,1
безволить,1
звичних,1
бідах,1
волієм,1
жити,1
линути,1
відомих,1
полохливими,1
яскраві,1
нашої,1
відваги,1
роздумів,1
колір,1
високі,1
зродившись,1
вмирають,1
втілившись,1
дію,1
тихіш,1
згадай,1
німфо,1
жилося,1
дарував,1
зроду,1
запашні,1
обгортали,1
стократ,1
дорожчими,1
робивши,1
витхнувсь,1
аромат,1
йме,1
збіднів,1
вдаватися,1
красою,1
звідницю,1
перетворить,1
парадокс,1
стверджує,1
примусили,1
повірити,1
даремно,1
повірили,1
прищеплювати,1
чесноту,1
марне,1
однаково,1
гріхом,1
тхнутиме,1
ошукана,1
плодити,1
грішників,1
більшменш,1
закинути,1
мамі,1
родити,1
пихатий,1
мстивий,1
честолюбний,1
гріхів,1
охопити,1
думкою,1
змалювати,1
плазувати,1
затяті,1
пройдисвіти,1
замкнуть,1
удавав,1
згляньтесь,1
віддасися,1
посаг,1
цнотлива,1
втечеш,1
віддайся,1
дурня,1
розумні,1
страховищ,1
хутчіше,1
небесні,1
зціліть,1
малювання,1
підмальовування,1
обличчя,1
ходите,1
вихилясом,1
пава,1
сокочете,1
манірно,1
неподобно,1
прозиваєте,1
розпусність,1
видаєте,1
наївність,1
шлюбів,1
побрались,1
зостануться,1
черницівиходить,1
знеміг,1
солдата,1
вченого,1
царедворця,1
прекрасної,1
свічадо,1
приклад,1
брали,1
пропало,1
нужденніша,1
жінок,1
упивалась,1
медом,1
величний,1
гордий,1
розколотий,1
задеренчав,1
розбивсь,1
сліпну,1
словах,1
замало,1
складу,1
безумства,1
зріє,1
пригніченій,1
зродитись,1
рішення,1
поквапного,1
їде,1
недоплачену,1
справляти,1
нові,1
країни,1
зміна,1
вражень,1
витиснуть,1
сидить,1
бючись,1
змінили,1
невпізнання,1
почин,1
нудьги,1
тієї,1
відтрученім,1
переказуй,1
чиніть,1
виставі,1
королевамати,1
повісти,1
поговорить,1
дозволите,1
краєчком,1
піймаю,1
пощастить,1
шліть,1
замкніть,1
радить,1
проказуйте,1
показував,1
невимушено,1
горлайте,1
виголосить,1
оповісник,1
майдані,1
пиляйте,1
руками,1
потоці,1
бурі,1
смерчі,1
монологу,1
дотримуватися,1
надати,1
плавності,1
вивертає,1
слухаю,1
дебелий,1
кеп,1
перуці,1
шматує,1
позакладало,1
стоячій,1
публіці,1
тямить,1
нерозбірливих,1
пантомім,1
вереску,1
випарити,1
різками,1
отакого,1
лобуря,1
пнеться,1
перевершити,1
термаганта,1
переіродити,1
ірода,1
уникайте,1
мляво,1
покладайтесь,1
погоджуйте,1
жестом,1
особливо,1
пильнуйте,1
натуральності,1
всяка,1
надмірність,1
перечить,1
мистецтву,1
раніш,1
меті,1
держати,1
дзеркало,1
природою,1
показувати,1
гидоті,1
кожному,1
відбиток,1
переборщити,1
недодати,1
невігласа,1
розвеселить,1
розумного,1
засмутить,1
переважити,1
траплялися,1
гру,1
хвалу,1
голосом,1
язичників,1
ходулях,1
ревли,1
бугаї,1
дивувався,1
партачподенник,1
змайстрував,1
потворними,1
зображували,1
дечого,1
позбулись,1
позбудьтеся,1
комічні,1
ролі,1
написано,1
сміється,1
найдурніші,1
реготали,1
важливий,1
епізод,1
вистави,1
увагу,1
гидке,1
вбогу,1
амбіцію,1
витіває,1
послухати,1
звеліть,1
поквапитись,1
помогли,1
поквапити,1
правдивіший,1
випадало,1
лестощі,1
ждать,1
пожитку,1
одяга,1
статок,1
гумор,1
лестити,1
злидарю,1
медвяний,1
лиже,1
чванькуватість,1
коліно,1
гнуче,1
гне,1
суглоби,1
запобігти,1
вільна,1
розважлива,1
відтоді,1
обранцем,1
страждаєш,1
дари,1
вдячністю,1
гаряче,1
дудкою,1
покірною,1
вередливої,1
рабстві,1
вкажи,1
носитиму,1
заволодіє,1
сей,1
відтворить,1
гратимуть,1
меткий,1
ловець,1
зрине,1
поверхню,1
являвся,1
помисли,1
брудні,1
кузня,1
вулканова,1
примічай,1
упюсь,1
порівняєм,1
дійдем,1
висновку,1
приховає,1
кражу,1
божевільним,1
сідай,1
варти,1
смолоскипи,1
живлюсь,1
хамелеон,1
начинене,1
обіцянками,1
каплуна,1
відгодовують,1
недоладна,1
університеті,1
юлія,1
цезаря,1
вбивали,1
капітолії,1
брут,1
убивав,1
брутальне,1
вбити,1
капітальне,1
теля,1
знаку,1
магніт,1
егеге,1
дівочих,1
весело,1
задля,1
фіглярем,1
людині,1
веселитися,1
радісна,1
минуло,1
години,1
чорному,1
соболях,1
сподіватися,1
велику,1
півроку,1
будувати,1
церкви,1
поглине,1
коникастрибунця,1
епітафія,1
забуто,1
стрибунця,1
пантоміма,1
обнявшись,1
виявляючи,1
відданість,1
підводить,1
квітів,1
знімає,1
цілує,1
повертається,1
жестами,1
осіб,1
увіходить,1
вдаючи,1
поділяє,1
виносять,1
спокушає,1
дарами,1
обурюється,1
приймає,1
залицяння,1
підступне,1
лиходійство,1
потаємний,1
пєси,1
дізнаємось,1
молодця,1
вміють,1
розплещуть,1
покажете,1
соромтесь,1
посоромиться,1
негідний,1
слухатиму,1
складено,1
забаву,1
послухайте,1
ласкаво,1
напис,1
каблучці,1
вступ,1
короткий,1
жіноче,1
зображують,1
обїхав,1
нептунових,1
ланів,1
церери,1
світив,1
огнем,1
позиченим,1
гас,1
гіменей,1
зєднав,1
відали,1
розлуки,1
глядять,1
палахку,1
змарнів,1
недолугий,1
журби,1
жінки,1
змірять,1
здавна,1
палкім,1
жахає,1
кохає,1
заслабе,1
живи,1
білім,1
люблена,1
зустрінеш,1
мовчи,1
другим,1
першого,1
убє,1
жони,1
ниций,1
люб,1
убила,1
пестила,1
заприсяглась,1
міниться,1
неволі,1
народженням,1
міцні,1
диханням,1
кволі,1
дереві,1
висить,1
достигнувши,1
нетрушений,1
злетить,1
платить,1
завинить,1
клянеться,1
пала,1
минула,1
клятьба,1
сплила,1
навіснім,1
буянні,1
руйнівники,1
невблаганні,1
радощів,1
лих,1
всміхнеться,1
заплаче,1
сміх,1
несталий,1
мінлива,1
відмов,1
піднявсь,1
порога,1
біжить,1
пруг,1
покладеться,1
скруті,1
ворогів,1
набути,1
вертаю,1
мову,1
трощать,1
впень,1
найкращу,1
гадку,1
початок,1
випадку,1
гадаєш,1
вмре,1
плодів,1
твердь,1
житла,1
потне,1
проказо,1
самоти,1
врази,1
недоля,1
вічно,1
грозить,1
щастю,1
напастю,1
гризоті,1
повдовівши,1
зламає,1
клятва,1
втомився,1
ослабла,1
відновить,1
спочинь,1
ві,1
сні,1
довгі,1
вподоби,1
забагато,1
обіцяє,1
додержить,1
жартують,1
труять,1
жартома,1
словечка,1
зветься,1
мишоловка,1
фігурально,1
вчинене,1
відні,1
баптіста,1
мерзенна,1
історія,1
ґедзається,1
коростява,1
шкапа,1
свербить,1
хор,1
коханого,1
ляльки,1
фліртують,1
довелось,1
постогнати,1
затупити,1
збирається,1
подружньому,1
буває,1
душогубе,1
безбожно,1
викривлятись,1
кряче,1
ворон,1
кличучи,1
тверда,1
мисль,1
чорна,1
взна,1
труйзілля,1
збиране,1
закляте,1
троїсто,1
чумлене,1
гекати,1
спілкою,1
чар,1
ухо,1
сонному,1
труїть,1
посісти,1
добірною,1
італійською,1
мовою,1
убивцядомагається,1
гонзагової,1
дружини,1
злякався,1
холостого,1
пострілу,1
величністю,1
припиніть,1
поранений,1
олень,1
реве,1
тікає,1
ніпочім,1
чуває,1
держиться,1
лісом,1
піря,1
зрадила,1
штучними,1
трояндами,1
черевиках,1
акторську,1
трупу,1
півпаю,1
дамоне,1
держава,1
юпітера,1
копитом,1
павича,1
додали,1
завважив,1
мовилось,1
отруєння,1
ага,1
дударі,1
тішиться,1
тішать,1
цілу,1
історію,1
розстроєний,1
скоріш,1
вчинили,1
мудріше,1
сповістивши,1
лікаря,1
проносного,1
жовч,1
дужче,1
розіллється,1
нринце,1
послідовнішим,1
сахайтеся,1
теми,1
дикий,1
кінь,1
приручили,1
матінна,1
превельми,1
засмучена,1
ґречність,1
яувиконаю,1
матінки,1
кінчити,1
нездужає,1
поводження,1
вразило,1
налякало,1
дивний,1
дивувати,1
матірі,1
материнським,1
ляком,1
повідайте,1
порозмовляти,1
підете,1
послуху,1
вистачить,1
десять,1
любили,1
хапугами,1
злодюгами,1
позбудетеся,1
звіривши,1
майбутнє,1
непевне,1
підтвердив,1
право,1
датську,1
прислівя,1
підтоптане,1
флейтами,1
флейти,1
дайтено,1
тримаєтеся,1
боку,1
намагаєтеся,1
загнати,1
зухвальство,1
відданості,1
настирливість,1
втямлю,1
заграєте,1
класти,1
перебирайте,1
пучками,1
дірочки,1
дміть,1
ротом,1
заговорить,1
найкрасномовнішою,1
музикою,1
видобуду,1
ніякісінької,1
гармонії,1
митець,1
збираєтесь,1
витиснути,1
таємниці,1
видобути,1
звуки,1
найнижчої,1
ноти,1
найвищої,1
невеличкий,1
інструмент,1
годні,1
змусити,1
дудочці,1
зовіть,1
інструментом,1
зможете,1
розладнати,1
заграти,1
найясніший,1
поговорити,1
хмарку,1
верблюда,1
чисто,1
верблюд,1
ласицю,1
спина,1
точнісінько,1
ласиці,1
достеменно,1
зведуть,1
настала,1
відьомська,1
зітхають,1
цвинтарі,1
дише,1
заразою,1
напитись,1
теплої,1
накоїти,1
уставши,1
тс,1
зрадь,1
нероновій,1
жорстоким,1
звіром,1
гостре,1
лицемірять,1
покрають,1
зєднати,1
смій,1
гнівить,1
шаленству,1
повноваження,1
підпишу,1
відбуде,1
сан,1
дозволяє,1
щохвилини,1
риск,1
вирядимось,1
миттю,1
святий,1
побожний,1
істот,1
турботам,1
підданих,1
коженповсякчас,1
вживати,1
паче,1
чиїм,1
добробуті,1
лежить,1
мільйонів,1
вир,1
втягає,1
гігантське,1
коло,1
височенному,1
шпилі,1
величезних,1
спиць,1
припято,1
безліч,1
пристроїв,1
глибоку,1
прірву,1
одвіку,1
зітхне,1
застогнуть,1
тяжко,1
лаштуйтесь,1
неспутане,1
узяти,1
пута,1
поспішимо,1
підслухать,1
ручуся,1
приструнчить,1
мудро,1
однієї,1
іншому,1
зважити,1
спите,1
взнаю,1
ядучий,1
сморід,1
злочину,1
найдревніше,1
братовбивства,1
молюся,1
прагне,1
сильне,1
спутаний,1
вагаюся,1
братись,1
нехтую,1
загусла,1
братня,1
проклятій,1
забракло,1
небесах,1
дощу,1
омити,1
подвійна,1
впалим,1
молитву,1
почну,1
огидне,1
вбивав,1
розгрішитись,1
спожити,1
продажнім,1
золотою,1
відхиляє,1
нечестиво,1
надбаним,1
багатством,1
закон,1
купує,1
вгорі,1
постануть,1
суті,1
мусиш,1
вічнавіч,1
виною,1
свідчити,1
покаятись,1
каяття,1
каятись,1
муко,1
чорніші,1
міцних,1
тенетах,1
бєшся,1
намарне,1
янголи,1
спробуйте,1
вперті,1
гніться,1
залізне,1
мяке,1
податливе,1
убю,1
піде,1
злочинець,1
шлю,1
винагорода,1
гріхах,1
травень,1
всевишнім,1
смертні,1
догадуватись,1
можем,1
нелегко,1
очищення,1
убивцю,1
вбю,1
готового,1
піхви,1
страшнішу,1
упється,1
кровозмісних,1
втіхах,1
грі,1
блюзнірстві,1
зоглядітись,1
кляту,1
чорну,1
поніс,1
молитва,1
відкладе,1
встаючи,1
далеку,1
вирядив,1
дійдуть,1
жартах,1
заслоняє,1
гніву,1
добирайте,1
матикоролево,1
обіцяю,1
турбуйтесь,1
ходу,1
ховайтеся,1
ховається,1
матусю,1
претяжко,1
мамо,1
отямтесь,1
вживайте,1
грішних,1
хрест,1
діверю,1
говорять,1
місця,1
розглянете,1
вбєш,1
вихоплює,1
закладаюсь,1
убито,1
скоїв,1
вбивши,1
убивши,1
паніматко,1
піднімає,1
жалюгідний,1
дурню,1
цілив,1
вище,1
поцілив,1
суджено,1
метушитись,1
ламайте,1
зламаю,1
крихкого,1
матерялу,1
стужавіло,1
нечесті,1
вкрилось,1
панцером,1
вчинила,1
насмів,1
сичати,1
скромності,1
поганить,1
лукавством,1
цноту,1
зриває,1
рожу,1
ясного,1
чола,1
чистого,1
обертає,1
шлюбні,1
обітниці,1
картяра,1
обіцянок,1
вірності,1
довічній,1
виймає,1
стидом,1
палає,1
засмучене,1
вчинком,1
спохмурніло,1
напередодні,1
жахний,1
погляньтебо,1
майстерні,1
подоби,1
волоссям,1
юпітер,1
владний,1
швидкий,1
меркурій,1
спустився,1
небосяжну,1
сполука,1
єдинім,1
лишив,1
достойний,1
погляньте,1
єсть,1
ржавий,1
колос,1
згубив,1
міняють,1
полонину,1
пашу,1
болоті,1
звіть,1
вашім,1
віці,1
вгамувавсь,1
примовк,1
ущух,1
скорився,1
розсуду,1
розсуд,1
зміняв,1
паралічу,1
схибить,1
чуттів,1
збереглась,1
частка,1
вбачить,1
різницю,1
піжмурки,1
заморочив,1
жоден,1
орган,1
оману,1
ввести,1
бунтуєш,1
літній,1
ланці,1
віск,1
розтопить,1
потужний,1
пал,1
змагає,1
горить,1
свашкує,1
хтивості,1
звернув,1
чорні,1
нічим,1
вивести,1
смердючій,1
заяложеній,1
парячись,1
купі,1
гною,1
милуючись,1
кохаючись,1
ножем,1
крають,1
уші,1
замовкни,1
убивця,1
пилюки,1
ступав,1
колишній,1
владар,1
троні,1
блазень,1
кишеньковий,1
поцупив,1
державу,1
кишеню,1
заховав,1
клаптях,1
спаси,1
крилами,1
повий,1
образе,1
млявість,1
ганити,1
марнуючи,1
запал,1
грізного,1
нагадую,1
зявивсь,1
нагострить,1
затупілий,1
побив,1
боротьбі,1
душевній,1
слабше,1
дужча,1
промов,1
порожняву,1
втопивши,1
волаєш,1
безплотного,1
певітря,1
глядить,1
збуджене,1
сполох,1
волосся,1
ворушиться,1
скропи,1
розважністю,1
скель,1
прорікши,1
дивись,1
сумний,1
вид,1
відверне,1
грізних,1
діл,1
зблякне,1
проллю,1
мовиш,1
щонебудь,1
убраний,1
поріг,1
вигадка,1
безтілий,1
душевної,1
вдатна,1
пульс,1
стукоче,1
рівномірно,1
накажіть,1
повторю,1
спіткнувсь,1
єлеєм,1
мастіть,1
єлей,1
затягне,1
гній,1
залишиться,1
сподом,1
зараза,1
сповідайтесь,1
покайтесь,1
давнім,1
бійтесь,1
прийдешнє,1
добрива,1
бурян,1
буя,1
щиру,1
роздутий,1
повинна,1
слугувати,1
кривді,1
вклякати,1
ниць,1
допомогти,1
розколов,1
навпіл,1
відкиньте,1
гіршу,1
половину,1
кращою,1
живіть,1
лягайте,1
позичте,1
янгол,1
одягає,1
найбільш,1
пасує,1
вдержіться,1
піст,1
людську,1
мінить,1
приборкує,1
диявола,1
виганяє,1
каюсь,1
хотіли,1
скарав,1
слугою,1
бичем,1
подбаю,1
почалось,1
міледі,1
радив,1
сластолюбець,1
щипле,1
щічки,1
мишкою,1
поганячи,1
цілунком,1
бридкими,1
пальцями,1
огрібши,1
шию,1
витягне,1
шалений,1
хитрий,1
вдає,1
гарній,1
ніжній,1
мудрій,1
жаби,1
кота,1
кажана,1
важливу,1
всупереч,1
розважливості,1
дах,1
здеріться,1
кліткою,1
пташок,1
випустіть,1
байці,1
спроби,1
влізьте,1
клітку,1
зламайте,1
карк,1
подих,1
затаю,1
видихну,1
їду,1
забула,1
вирішено,1
печатями,1
руках,1
товаришів,1
гадюкам,1
проторять,1
пастки,1
сміху,1
грабар,1
власному,1
підкопі,1
підірветься,1
лікоть,1
міну,1
вриюсь,1
злетять,1
розкіш,1
хитрості,1
зіткнулись,1
приспішить,1
тельбухи,1
відтягну,1
поважний,1
скромний,1
мовчазний,1
дурний,1
докінчім,1
почали,1
спочатку,1
волочачи,1
четверта,1
глибокі,1
відкрийтесь,1
маєм,1
хвилину,1
шаліє,1
ураган,1
змагаються,1
почувся,1
шелест,1
добув,1
вигуком,1
маячні,1
заколов,1
сердешного,1
криваве,1
складуть,1
тримати,1
припоні,1
соромились,1
мовчить,1
погану,1
розїсть,1
кудись,1
потяг,1
убитого,1
цятка,1
злота,1
брудній,1
засяло,1
чистотою,1
оплакує,1
гірко,1
встигне,1
відпливе,1
спритно,1
гідно,1
подати,1
змякшити,1
повертаються,1
підмогу,1
витяг,1
покоїв,1
знайдіть,1
заспокойте,1
несіть,1
наймудріших,1
покличмо,1
розкажімо,1
недобрий,1
рішили,1
вчиним,1
поговір,1
швидко,1
облітає,1
ядро,1
гарматне,1
протне,1
тоскний,1
захований,1
цс,1
зробили,1
змішав,1
віднести,1
вірте,1
вірити,1
розраховувати,1
вбирає,1
щедроти,1
найкращий,1
десерт,1
держить,1
горіхи,1
щокою,1
першими,1
рот,1
останніми,1
ковтає,1
навбирали,1
почавити,1
суха,1
розумію,1
хитра,1
дурного,1
ведіть,1
лисичко,1
піймали,1
круто,1
вдієш,1
улюбленець,1
дурної,1
юрби,1
кару,1
винуватця,1
гладко,1
спливло,1
розважним,1
рішенням,1
сильну,1
хворість,1
сильні,1
гоять,1
дізнались,1
мертве,1
сховане,1
допитались,1
вартою,1
приведіть,1
їсть,1
їдять,1
зібралося,1
велемудре,1
хробацтво,1
знається,1
політиці,1
червяк,1
імператор,1
усіма,1
їствами,1
напоями,1
годуємо,1
худобу,1
годуємось,1
нагодувати,1
ситий,1
худий,1
жебрак,1
наїдки,1
вудити,1
їв,1
поїсти,1
риби,1
їла,1
відбути,1
кишках,1
злидаря,1
небі,1
пошліть,1
посланець,1
іншім,1
знайдете,1
вчуєте,1
носом,1
ідучи,1
сходах,1
галерею,1
підіть,1
підожде,1
завдає,1
клопоту,1
єобачний,1
жалю,1
вибратись,1
лаштуйсь,1
судно,1
готове,1
супутники,1
плисти,1
кажеш,1
херувима,1
гаялет,1
рушайте,1
квапте,1
жадаю,1
відплив,1
гайтесь,1
допоможе,1
виклав,1
листі,1
спішіть,1
англійцю,1
пошані,1
ваги,1
міць,1
багріє,1
шрам,1
платиш,1
приймеш,1
листах,1
убити,1
трясця,1
сушить,1
зціли,1
допоки,1
вість,1
дійде,1
звідтіля,1
вух,1
морським,1
узбережжям,1
капітані,1
поході,1
вітайте,1
дозвіл,1
обіцяний,1
пройти,1
побачимося,1
домовлялись,1
особисто,1
стрінемося,1
слухаюсь,1
повільним,1
фортіибрас,1
солдатами,1
гільденетерн,1
норвезької,1
прямує,1
йдете,1
усієї,1
прикордонні,1
правді,1
перебільшень,1
здобувати,1
пять,1
взяв,1
оренду,1
продати,1
стануть,1
боронити,1
люду,1
мішка,1
жалко,1
нікчемну,1
чиряк,1
достатку,1
прорветься,1
збагне,1
наздожену,1
вперед,1
випадки,1
свідчать,1
підхльостують,1
ледачу,1
помсту,1
найбільшим,1
благом,1
їжу,1
тварина,1
творець,1
наділив,1
віки,1
здібності,1
богорівний,1
гнив,1
безділлі,1
тваринне,1
полохка,1
розважність,1
зважує,1
частку,1
міркування,1
містить,1
частки,1
боягузтва,1
тверджу,1
прикладів,1
піднятий,1
дивним,1
честолюбством,1
кпить,1
незнаного,1
виставляє,1
примхи,1
дірки,1
бублика,1
велич,1
безладній,1
битись,1
стеблинку,1
поставлено,1
кін,1
забито,1
ганьбі,1
збурені,1
приспавши,1
приречених,1
пустої,1
наділ,1
воякам,1
розвернутись,1
полеглих,1
поховати,1
роздум,1
вбравсь,1
горацїота,1
сердешна,1
затялась,1
безумна,1
дивитись,1
править,1
облудливим,1
зітхає,1
бється,1
дратує,1
белькоче,1
недоладність,1
наводить,1
роздуми,1
ловить,1
припасовує,1
кив,1
морг,1
насправді,1
віриться,1
невиразний,1
посіє,1
непевні,1
здогади,1
умах,1
введіть,1
вмістилище,1
бачиться,1
нечиста,1
совість,1
кари,1
зусюди,1
втопить,1
офелією,1
володарка,1
милого,1
вгадала,1
патериця,1
бриль,1
прочанський,1
сандалі,1
голубонько,1
пісня,1
сповив,1
головах,1
дерен,1
камінь,1
нагірний,1
білийбілий,1
зрошені,1
лягли,1
віддячить,1
сова,1
пекаря,1
благослови,1
сісти,1
слівця,1
спитають,1
відмовте,1
раннього,1
обіч,1
вікна,1
устав,1
юнак,1
убравсь,1
будьяк,1
відчиняв,1
дівчину,1
впустив,1
проводжав,1
кінчу,1
божого,1
всує,1
прийшлось,1
попалася,1
біду,1
мужчина,1
стиду,1
брав,1
підем,1
лягла,1
побий,1
грець,1
плакати,1
здумаю,1
поклали,1
сиру,1
дізнається,1
пораду,1
карету,1
пани,1
панни,1
милі,1
глядіть,1
журба,1
глибока,1
отруїла,1
отрути,1
полками,1
сунуть,1
поодинці,1
призвідця,1
вигнання,1
полонієва,1
вразила,1
здогадам,1
безглуздо,1
сховали,1
тишкомнишком,1
небіжчика,1
перемінилась,1
загубила,1
тварини,1
додачу,1
замкнувся,1
бідою,1
звідусіль,1
нашіптують,1
отруйні,1
певності,1
підозра,1
розповзеться,1
людьми,1
злочинцем,1
картеч,1
шепіт,1
стоголосий,1
стократну,1
швейцарці,1
стережуть,1
рятуйтесь,1
океан,1
берегів,1
крушив,1
суходолі,1
юрбою,1
бунтарів,1
сторожу,1
крушить,1
чернь,1
почавсь,1
давніх,1
звичаїв,1
кричить,1
вибрали,1
ліс,1
шапок,1
крики,1
ич,1
брешуть,1
радісно,1
згубивши,1
брехливі,1
датські,1
пси,1
вийдіть,1
стережіть,1
підлий,1
поверни,1
вгамується,1
байстрюк,1
рогоносець,1
спотворене,1
тавром,1
зняв,1
бунт,1
гігантів,1
бійся,1
заслона,1
королям,1
безсила,1
майже,1
збуривсь,1
крутійства,1
стерплю,1
дідька,1
вірність,1
присягу,1
к,1
бісу,1
боюся,1
знайте,1
батькову,1
погибель,1
сповна,1
засоби,1
знайду,1
сягну,1
картяр,1
банк,1
зірвав,1
марниця,1
мститимеш,1
ворогу,1
другу,1
ворогам,1
розгорну,1
обійми,1
пелікан,1
живитись,1
справдешній,1
пропустіть,1
висушить,1
випалять,1
пекучі,1
платитиму,1
переважить,1
шалька,1
трояндо,1
сестро,1
радосте,1
щедріше,1
услід,1
найдорожче,1
несли,1
непокритим,1
били,1
дощем,1
голубе,1
тямі,1
волала,1
зворушила,1
приспівуйте,1
приспів,1
віроломного,1
ключника,1
хазяїна,1
розмарин,1
братки,1
повчальний,1
кріп,1
орлики,1
рута,1
прозивається,1
зіллям,1
святої,1
неділеньки,1
носити,1
руту,1
стокротка,1
фіалок,1
повяли,1
хороше,1
вмиралося,1
робін,1
журбі,1
стражданню,1
приваби,1
біле,1
простер,1
льон,1
покинув,1
марні,1
раба,1
християнські,1
спільником,1
тузі,1
цураєшся,1
вибери,1
щонаймудріших,1
розсудять,1
доведуть,1
пряму,1
посередню,1
причетність,1
убивства,1
короною,1
ладні,1
поступитись,1
загладить,1
озброїтись,1
терпінням,1
шукатимемо,1
вдовольнити,1
мсту,1
потайний,1
погреб,1
панцера,1
герба,1
прахом,1
гожих,1
почестей,1
пишних,1
служб,1
сховайся,1
обух,1
увійдуть,1
країв,1
вітали,1
посла,1
англіїколи,1
зветесь,1
поможи,1
дістатись,1
пробули,1
діб,1
погнався,1
піратський,1
втекти,1
змушені,1
абордаж,1
сутички,1
перескочив,1
відійшов,1
судна,1
опинився,1
полоні,1
розбійники,1
виявили,1
знали,1
доглянь,1
одержав,1
поспішай,1
тікав,1
онімієш,1
легкі,1
покажуть,1
розповім,1
вкажу,1
відвезти,1
доручив,1
усвідомив,1
дізнався,1
впевнився,1
шляхетного,1
мірив,1
покарали,1
законом,1
злочинів,1
обачність,1
спонукати,1
невагомих,1
достатньо,1
дружиною,1
своєю,1
зріднився,1
рухатись,1
жить,1
прилюдний,1
простолюду,1
омивши,1
джерелі,1
чарівною,1
водою,1
кайданів,1
стріли,1
пущу,1
народну,1
бурю,1
мети,1
полинуть,1
повернуть,1
розпачу,1
чиї,1
спізніла,1
гордість,1
неперевершена,1
спокійно,1
думай,1
притупився,1
грізну,1
жарт,1
почекай,1
другом,1
приніс,1
клавдіо,1
гінця,1
доводжу,1
висаджено,1
голого,1
королівства,1
проситиму,1
світлі,1
попередньо,1
заручившись,1
ласкою,1
несподіваного,1
незвичайного,1
повернення,1
решта,1
обман,1
знана,1
голий,1
приписці,1
скажеш,1
спантеличений,1
утішу,1
бідне,1
кинути,1
слухатись,1
радили,1
миритись,1
уникнув,1
подорожі,1
удруге,1
поїде,1
заманю,1
пастку,1
визрів,1
неминучу,1
підозри,1
виникне,1
сумніватиметься,1
пристану,1
виберіть,1
знаряддям,1
випадає,1
позаочі,1
говорено,1
сяєш,1
тлум,1
заздрощів,1
єдина,1
вартісна,1
шапці,1
стрічка,1
потрібна,1
легковажний,1
молодому,1
літньому,1
убори,1
хутра,1
шани,1
поваги,1
надають,1
французів,1
боях,1
браві,1
вершники,1
сміливець,1
чарівник,1
вріс,1
сідло,1
витворяв,1
конем,1
зрослись,1
істоту,1
кентавр,1
курбети,1
штуки,1
перевершив,1
отой,1
ламор,1
цебо,1
перлина,1
барвистими,1
захист,1
найпаче,1
володієш,1
легким,1
знайшлася,1
рівня,1
французи,1
спритність,1
натиск,1
окомір,1
похвала,1
розятрила,1
заздрість,1
марить,1
одним,1
зустрітися,1
тиха,1
думаю,1
досвіді,1
остуджує,1
багаття,1
полумї,1
тліє,1
чадом,1
пломінь,1
гасить,1
однаким,1
досягши,1
власнім,1
надмірі,1
ймусиш,1
мінливе,1
гальм,1
вад,1
єна,1
випадків,1
розважить,1
вкоротить,1
вернімось,1
болить,1
прибуває,1
доведеш,1
горлянку,1
церкві,1
перетну,1
порятунок,1
помсті,1
прагнеш,1
замкнись,1
вернувшись,1
взнає,1
звелю,1
вихваляли,1
зажив,1
француза,1
вкрили,1
блиском,1
звівши,1
побємося,1
легковірний,1
оглядатиме,1
сливе,1
шахрайства,1
незатуплений,1
штихом,1
влучним,1
помстись,1
вчиню,1
помащу,1
знахаря,1
купив,1
смертельну,1
вмочи,1
вдряпни,1
трав,1
порятують,1
ввійшла,1
крапля,1
заразивши,1
черкнути,1
помер,1
найкраще,1
спіткає,1
невдача,1
нашім,1
запас,1
заміну,1
виручила,1
зміркуймо,1
поставимо,1
розпалитесь,1
поєдинку,1
завзятіше,1
нападай,1
пригубить,1
дійдемо,1
гомін,1
верба,1
нависла,1
струмком,1
купаючи,1
плесі,1
віти,1
сплела,1
химерні,1
кропиву,1
жовтець,1
стокротки,1
зозулинець,1
грубі,1
пастухи,1
йменують,1
стидні,1
дівчата,1
звуть,1
мертвецьким,1
пальцем,1
гілку,1
злізла,1
почепити,1
зрадливий,1
сук,1
зломивсь,1
зела,1
упали,1
бистрину,1
роздувшись,1
бідну,1
понесло,1
мавку,1
пливла,1
співала,1
тямлячи,1
біди,1
істота,1
стихії,1
виросла,1
тривати,1
дівочі,1
шати,1
воді,1
набряклі,1
втягли,1
сердешну,1
багнисту,1
задосить,1
стримаю,1
несила,1
природа,1
верх,1
соромом,1
виллю,1
жіночу,1
слабкість,1
огненними,1
спалахнув,1
гасять,1
насилу,1
вгамував,1
лють,1
закипить,1
пята,1
цвинтар,1
лопатами,1
мотиками,1
самовільно,1
мудруй,1
копай,1
слідчий,1
рядив,1
присудив,1
обороняючись,1
присуджено,1
самонападу,1
обійтися,1
топлюся,1
частини,1
кончину,1
втопилася,1
слухайно,1
шановний,1
гробарю,1
договорити,1
хочнехоч,1
приходить,1
топить,1
тоне,1
завинив,1
вкоротив,1
дізнання,1
теє,1
панство,1
топитись,1
вішатись,1
прості,1
християни,1
дайно,1
лопату,1
панства,1
стародавнішого,1
садівників,1
землекопів,1
гробарів,1
їхнє,1
ремество,1
адама,1
таж,1
озброївся,1
заліззям,1
ніякої,1
поганин,1
тямиш,1
святе,1
письмо,1
святому,1
письмі,1
мовиться,1
адам,1
заліза,1
загадаю,1
загадку,1
вгадаєш,1
сповідайся,1
шибениці,1
будівля,1
пожильців,1
чинить,1
сказавши,1
міцніша,1
церкву,1
спробуйно,1
здоров,1
здаля,1
суши,1
осла,1
бий,1
побіжить,1
загадають,1
отаке,1
відкажи,1
збудує,1
дотягне,1
рипнисьно,1
шинку,1
розжийсь,1
кварту,1
копає,1
змолоду,1
більшої,1
любитись,1
відчуває,1
копаючи,1
виробила,1
нечутливість,1
ненатруджена,1
зберігає,1
чутливість,1
старість,1
підстерегла,1
вхопила,1
пазур,1
завезла,1
співати,1
мугир,1
жбурляє,1
каїнова,1
належала,1
якомусь,1
розумникові,1
вартий,1
розумник,1
пальця,1
господа,1
ґречного,1
придворця,1
добридень,1
почуваєтесь,1
такогото,1
панові,1
такомуто,1
коня,1
випросити,1
панує,1
черва,1
тімю,1
цокає,1
лопата,1
гробокопа,1
чудове,1
перетворення,1
здатні,1
спостерігати,1
початку,1
годяться,1
паці,1
ломить,1
мотика,1
заступ,1
рий,1
ткати,1
черепом,1
якогонебудь,1
правника,1
каверзи,1
хитрощі,1
висновки,1
викрути,1
виверти,1
терпить,1
стукав,1
брудною,1
лопатою,1
позове,1
образу,1
чоловяга,1
перекупцем,1
поміччю,1
всяких,1
запродажних,1
застав,1
пень,1
подвійних,1
забезпек,1
вигода,1
безцінний,1
черепок,1
набили,1
забезпеки,1
подвійні,1
забезпечили,1
пара,1
найдовших,1
купчих,1
покриє,1
купа,1
грамот,1
уміститься,1
приміщенні,1
власникові,1
відмірять,1
баранячої,1
шкури,1
телячої,1
барани,1
телята,1
вважають,1
якоюсь,1
гарантією,1
поговорюно,1
чоловіком,1
могилагей,1
крутишся,1
крутіться,1
скрутило,1
крути,1
перекрути,1
крутій,1
крутня,1
чоловіка,1
поховають,1
жінкою,1
царство,1
померла,1
ач,1
чіпляється,1
обачно,1
двозначність,1
погубить,1
помічаю,1
прудкий,1
мужик,1
носаком,1
пяти,1
царедворцю,1
мозолі,1
ями,1
почав,1
амлет,1
поборов,1
дурень,1
народивсь,1
ниньки,1
невелике,1
помітять,1
грунті,1
датському,1
підмайстром,1
цеховим,1
копаюсь,1
смертю,1
трапляються,1
пранцюваті,1
дотягують,1
похорону,1
вісім,1
чинбар,1
протягне,1
ремесло,1
вичиняє,1
шкуру,1
довгий,1
пропускає,1
найбільший,1
пролежав,1
навіженого,1
сучого,1
чума,1
навіженому,1
жартунові,1
вилив,1
тімя,1
пляшку,1
належав,1
йорікові,1
королівському,1
блазню,1
самісінький,1
подивлюся,1
йоріку,1
знавав,1
невгавні,1
химерник,1
носив,1
горгошах,1
верне,1
губи,1
цілував,1
вихори,1
веселощів,1
застілля,1
лягало,1
реготу,1
поглузувати,1
скалозубства,1
заберисьно,1
опочивальню,1
якоїнебудь,1
вельможної,1
румяна,1
палець,1
завтовшки,1
скінчиться,1
личкові,1
посміши,1
македонський,1
тхнув,1
фе,1
ницу,1
можемо,1
благородного,1
чопом,1
доскіпливий,1
перебільшуючи,1
правдоподібні,1
припущення,1
поховано,1
копають,1
тією,1
глиною,1
обернувсь,1
замазати,1
затичку,1
пива,1
цезар,1
струх,1
заткнуто,1
шпарину,1
нагонив,1
латає,1
стіни,1
давній,1
тихо,1
вносять,1
ховають,1
неповний,1
несуть,1
шаленою,1
сховаймось,1
подивімося,1
бач,1
молодик,1
відправили,1
непевна,1
владне,1
лежати,1
несвяченій,1
судних,1
сурм,1
черепя,1
цеглу,1
кидали,1
нареченій,1
дано,1
дівоче,1
клечання,1
погребний,1
проводи,1
виконано,1
осквернили,1
поминальну,1
співавши,1
реквієм,1
мирі,1
відійшла,1
спускайте,1
яму,1
гожого,1
незайманого,1
зростуть,1
фіалки,1
священика,1
безсердий,1
творця,1
возхвалить,1
янголах,1
завиєш,1
пеклі,1
квітці,1
розкидаючи,1
гадала,1
жадала,1
прегарна,1
квітчати,1
шлюбне,1
тяжке,1
безмірне,1
трикляту,1
злочинно,1
відняла,1
високий,1
обняти,1
засипте,1
мертву,1
громадьте,1
рівнині,1
пеліон,1
високе,1
олімпа,1
синього,1
підходить,1
печалі,1
гіркі,1
вражені,1
світила,1
зачувши,1
спиняють,1
рух,1
забирайся,1
молишся,1
бореться,1
горла,1
порох,1
розніміть,1
вгамуйтесь,1
розводять,1
битися,1
склеплю,1
зєднавши,1
дражніть,1
бісів,1
голод,1
страждання,1
оцет,1
зїсти,1
крокодила,1
скиглити,1
встид,1
ускочити,1
живцем,1
похоронить,1
базікаєш,1
навернуть,1
мільйони,1
десятин,1
насип,1
сягав,1
бородавку,1
здалася,1
осса,1
просторікуєш,1
красніш,1
помордує,1
тихий,1
голубка,1
вивела,1
повиє,1
ненависть,1
вергає,1
геркулес,1
нявчати,1
кіт,1
пес,1
терпи,1
розмову,1
забудь,1
вчорашню,1
хід,1
дамо,1
оточить,1
догляд,1
надгробок,1
могилі,1
чекати,1
недовгий,1
відчував,1
борню,1
спать,1
здавалось,1
дибах,1
бунтар,1
раптом,1
поспішності,1
поспішність,1
доводить,1
провидіння,1
довершає,1
виходжу,1
каюти,1
морськім,1
плащі,1
наопаш,1
темноті,1
навпомацки,1
шукаю,1
знаходжу,1
намацую,1
пакунок,1
вертаюсь,1
забуде,1
розпечатав,1
листа,1
прочитав,1
підлість,1
королівська,1
повеління,1
якім,1
говорилось,1
якій,1
загрожує,1
особа,1
прочитанні,1
зволікань,1
нагостривши,1
сокири,1
стяли,1
опутаний,1
підлотою,1
стямитися,1
взялась,1
придумав,1
нове,1
сів,1
переписав,1
краснопис,1
негожу,1
намагавсь,1
забути,1
науку,1
стала,1
написав,1
англієць,1
вірний,1
данник,1
цвісти,1
пальми,1
миром,1
убравши,1
вінок,1
пшениці,1
скріпити,1
прагнем,1
красномовних,1
прочитавши,1
довгих,1
коротких,1
міркувань,1
піддасть,1
негайній,1
страті,1
помогло,1
печатка,1
печаті,1
датської,1
склав,1
підписав,1
притиснув,1
поклав,1
підмінили,1
ельфи,1
морський,1
везе,1
ретельність,1
гнітять,1
чужібо,1
втрутились,1
нікчемам,1
потикатись,1
розлючені,1
меткі,1
противників,1
могутніх,1
спаплюжив,1
виберуть,1
підступно,1
важив,1
справедливо,1
цією,1
заплатити,1
тій,1
чумі,1
згубити,1
почує,1
закінчилось,1
задумав,1
людське,1
відбилась,1
помиритись,1
занадто,1
хизувався,1
розятрив,1
поверненням,1
жевжика,1
вада,1
родючих,1
вдосталь,1
худоби,1
ясла,1
худобина,1
стоятимуть,1
королівським,1
столом,1
багатство,1
забруднило,1
дорогий,1
зайняті,1
сприйму,1
пильністю,1
капелюх,1
носіть,1
призначено,1
півночі,1
статуру,1
поставили,1
забувайте,1
змушує,1
надягти,1
капелюха,1
зручніше,1
нещодавно,1
сповнений,1
найвищих,1
манерами,1
зовнішністю,1
кажучи,1
справжня,1
карта,1
дороговказ,1
поведінки,1
континент,1
зібрані,1
бажані,1
зіпсували,1
портрета,1
опис,1
перелік,1
спантеличив,1
сплутала,1
лік,1
заблудилася,1
лабіринті,1
вправно,1
прокладає,1
курс,1
віддаючи,1
додам,1
людиною,1
великої,1
рідкісної,1
спробував,1
наслідувати,1
зміг,1
тінню,1
несхибне,1
змальовуємо,1
незграбними,1
недостойними,1
розумієте,1
розмовляє,1
розуміти,1
означає,1
згадка,1
гамані,1
порожньо,1
золоті,1
витрачені,1
досконалістю,1
славиться,1
підтвердити,1
пробував,1
порівнювати,1
когонебудь,1
пізнаючи,1
мистецтві,1
володіти,1
воліє,1
види,1
заставив,1
кинджалів,1
справунком,1
пояси,1
троє,1
витонченого,1
смаку,1
добрані,1
руківїв,1
гарно,1
оздоблені,1
майстерна,1
робота,1
називаєте,1
шорами,1
доведеться,1
заглянути,1
коментарі,1
пасувало,1
носили,1
волів,1
називати,1
портупеями,1
шестеро,1
шести,1
справою,1
числі,1
майстерної,1
роботи,1
французький,1
повашому,1
застава,1
випадів,1
випередить,1
девяти,1
улаштувати,1
зболили,1
погодитись,1
участь,1
змаганні,1
чекатиму,1
прогулянок,1
принесуть,1
передумав,1
виграю,1
здобуду,1
ганьбу,1
зайві,1
переказати,1
прикрасивши,1
звісно,1
неоціненних,1
високо,1
оцінив,1
губах,1
обсохло,1
маминою,1
цицькою,1
розшаркувався,1
поссати,1
спільники,1
полюбляє,1
пустий,1
перейняли,1
тон,1
справжніх,1
шелихвости,1
шумовиння,1
доброму,1
пиві,1
дмухни,1
бульбашки,1
луснуть,1
передавав,1
вітання,1
озріка,1
переказав,1
ждете,1
узнати,1
змагатися,1
волієте,1
відкласти,1
твердий,1
намірах,1
збіглися,1
надійдуть,1
змаганням,1
ґречно,1
обійшлися,1
порада,1
програєте,1
поїхав,1
францію,1
постійно,1
вправлявся,1
перевага,1
моєму,1
важкотут,1
дурощі,1
нібито,1
якесь,1
передчуття,1
збентежило,1
передчуває,1
послухайтесь,1
попереджу,1
прихід,1
нездужаєте,1
віщування,1
горобець,1
божої,1
станеться,1
колинебудь,1
головне,1
приготуватися,1
сплачує,1
борги,1
помирати,1
рапірами,1
лаертову,1
благородно,1
присутні,1
хворістю,1
покарано,1
вразивши,1
всіма,1
безумом,1
зову,1
бувши,1
гамлетів,1
скривджених,1
бідному,1
зібранні,1
зрікаючись,1
простити,1
щиросердо,1
необачно,1
стрілу,1
пустив,1
прощає,1
штовхати,1
питанні,1
осторонь,1
стоїть,1
мирюсь,1
бувалих,1
суддів,1
умови,1
зганьблять,1
яко,1
зраджу,1
братній,1
поєдинок,1
чесно,1
подайте,1
прикрашають,1
оздоби,1
прикрасу,1
тлі,1
невміння,1
зірка,1
кпите,1
озріку,1
пречудово,1
слабшу,1
сторону,1
заклались,1
поспритнішав,1
фору,1
заважкий,1
завдовжки,1
рівні,1
готуються,1
поставити,1
ковші,1
влучить,1
вперше,1
третій,1
сквитає,1
бійницях,1
гримнуть,1
підійме,1
перлину,1
вкинувши,1
дорожчу,1
короні,1
чаші,1
тулумбаси,1
сурмам,1
повістять,1
гармашам,1
судді,1
слідкують,1
суддя,1
виразний,1
чашу,1
перл,1
принцу,1
відставте,1
трунок,1
вдар,1
визнаєте,1
поборе,1
дихає,1
хустка,1
витри,1
пий,1
мужу,1
хочеться,1
отруєна,1
чаша,1
запізно,1
втру,1
вдарю,1
лад,1
сумлінням,1
бавтесь,1
випадайте,1
палом,1
дитину,1
держись,1
міняються,1
зброєю,1
розняти,1
розпалились,1
поміч,1
кулик,1
вбива,1
підступність,1
зомліла,1
уздрівши,1
отруєно,1
чорне,1
зрадник,1
ніякі,1
врятують,1
півгодини,1
нагострене,1
затруєне,1
підлота,1
повернула,1
встану,1
випила,1
жало,1
отруєне,1
роби,1
отруто,1
кровозмісний,1
вінценосний,1
вбивце,1
розплату,1
заслужив,1
зготував,1
простім,1
королево,1
зблідли,1
тремтите,1
мовчазним,1
глядачам,1
дійства,1
стражник,1
арештом,1
оповів,1
житимеш,1
невтаємниченим,1
римлянин,1
датчанин,1
розкрити,1
заплямиться,1
беріг,1
відстроч,1
блаженство,1
подиши,1
жорстокім,1
розкажи,1
гамір,1
звитяжний,1
віддає,1
ясу,1
послам,1
англійським,1
могутня,1
трута,1
зборола,1
провіщаю,1
вибір,1
кволий,1
поясни,1
тиша,1
спинилось,1
чесне,1
сонми,1
янголів,1
колишуть,1
барабани,1
барабанним,1
боєм,1
прапорами,1
кругом,1
сліди,1
пихата,1
бенкет,1
готуєш,1
вічній,1
тьмі,1
родину,1
поклала,1
посол,1
спізнились,1
вістки,1
вчують,1
здійснено,1
мертві,1
чиїх,1
дихали,1
дяки,1
припало,1
походу,1
прибути,1
помості,1
покладуть,1
світові,1
нелюдські,1
вбивства,1
розплати,1
жертви,1
хитрощів,1
насамкінець,1
призвідцям,1
спішім,1
скличмо,1
найповажніших,1
жалем,1
прийму,1
королівстві,1
права,1
судьба,1
багатьох,1
прихилить,1
довершити,1
народ,1
змов,1
бунту,1
поміст,1
капітани,1
піднімуть,1
взірцем,1
монарха,1
останню,1
стрільба,1
полках,1
військова,1
проведуть,1
виносьте,1
доречна,1
паліть,1
жалобний,1
виносячи,1
